t,vx,vy,omega,delta,T,eps_vx,eps_vy,eps_omega,eC,eL,pos_x,pos_y,ref_x,ref_y,lap,theta
30896.922877,0.400000,0.020000,0.000000,-0.003413,0.510000,-0.089738,0.020647,0.017908,-0.008984,0.025062,1.484938,3.008984,1.510000,3.000000,0,0.524663
30897.012437,0.400000,0.020000,0.000000,-0.006261,0.520000,-0.347238,0.001195,0.033086,-0.008843,0.034195,1.489138,3.008843,1.523333,3.000000,0,0.526827
30897.099834,0.146328,-0.000000,-0.000000,-0.013733,0.530000,-0.001393,0.001031,0.027387,-0.008732,0.020045,1.506621,3.008732,1.526667,3.000000,0,0.531554
30897.187728,0.243441,-0.000339,-0.009003,-0.016249,0.537323,0.032902,0.001722,0.046239,-0.011053,-0.013096,1.543096,3.011053,1.530000,3.000000,0,0.556366
30897.275527,0.375781,-0.000511,-0.013829,-0.018580,0.542917,0.025738,0.000289,0.007456,-0.010554,-0.036939,1.590272,3.010554,1.553333,3.000000,0,0.603393
30897.362944,0.499777,-0.003134,-0.086856,-0.019274,0.548363,0.034039,0.000514,0.013496,-0.011287,-0.052069,1.655402,3.011287,1.603333,3.000000,0,0.665430
30897.422662,0.630343,-0.003783,-0.108557,-0.018921,0.552415,0.057027,-0.000355,-0.013525,-0.011285,-0.067602,1.730936,3.011285,1.663333,3.000000,0,0.741965
30897.509085,0.752022,-0.005083,-0.151922,-0.016825,0.553863,0.032384,-0.000799,-0.027221,-0.012326,-0.083362,1.823362,3.012326,1.740000,3.000000,0,0.832404
30897.595350,0.874509,-0.005547,-0.174468,-0.012974,0.551711,0.013899,-0.001872,-0.062634,-0.006875,-0.083633,1.913633,3.006875,1.830000,3.000000,0,0.929533
30897.681544,0.973968,-0.005767,-0.190659,-0.006039,0.549521,0.008986,-0.004094,-0.142172,-0.001083,-0.080325,2.006992,3.001083,1.926667,3.000000,0,1.027341
30897.768020,1.064506,-0.005962,-0.207741,0.002875,0.545238,0.029052,-0.002782,-0.103148,0.007113,-0.106221,2.132888,2.992887,2.026667,3.000000,0,1.140864
30897.856508,1.170923,-0.001880,-0.072517,0.014053,0.536572,0.026272,-0.003476,-0.135802,0.013264,-0.130557,2.270557,2.986736,2.140000,3.000000,0,1.274710
30897.917067,1.269711,0.000900,0.034192,0.023547,0.527305,0.051441,-0.006430,-0.249379,0.029713,-0.150366,2.423699,2.970287,2.273333,3.000000,0,1.414710
30898.005722,1.366407,0.000861,0.038227,0.034675,0.517354,0.023755,-0.009340,-0.427194,0.038597,-0.159652,2.572985,2.961403,2.413333,3.000000,0,1.554710
30898.093245,1.448647,0.000817,0.040256,0.041091,0.507354,0.019249,-0.009549,-0.506358,0.042978,-0.161673,2.715006,2.957022,2.553333,3.000000,0,1.694710
30898.180419,1.518873,0.001966,0.067155,0.041075,0.497354,0.024017,-0.010239,-0.546752,0.036695,-0.177187,2.870521,2.963305,2.693333,3.000000,0,1.834710
30898.266697,1.587783,0.000699,0.043794,0.031905,0.487354,0.032667,-0.007371,-0.426065,0.024119,-0.217331,3.050665,2.975881,2.833333,3.000000,0,1.974710
30898.353385,1.659540,0.000661,0.044383,0.010935,0.477354,0.015841,0.004891,0.316154,-0.000491,-0.254694,3.228028,3.000491,2.973333,3.000000,0,2.114710
30898.416457,1.709343,0.007405,0.482640,-0.019754,0.467354,0.029300,0.008107,0.428899,-0.041980,-0.316098,3.429432,3.041980,3.113333,3.000000,0,2.254710
30898.505355,1.759400,0.001585,0.182417,-0.059754,0.457354,0.015859,0.007928,0.621215,-0.082879,-0.359374,3.612708,3.082879,3.253333,3.000000,0,2.394710
30898.593425,1.795897,-0.004532,-0.303475,-0.099754,0.447354,0.019668,0.015096,1.233258,-0.119865,-0.380435,3.773768,3.119865,3.393333,3.000000,0,2.534710
30898.680599,1.825552,-0.003228,-0.321484,-0.139754,0.437354,0.033056,0.021280,1.812010,-0.148532,-0.414734,3.948068,3.148532,3.533333,3.000000,0,2.674710
30898.768347,1.854804,-0.002918,-0.325012,-0.179754,0.427354,0.053209,0.026185,2.338706,-0.159575,-0.483654,4.156988,3.159575,3.673333,3.000000,0,2.814710
30898.854909,1.887816,-0.002605,-0.328678,-0.219754,0.417354,0.025379,0.005348,0.439799,-0.138720,-0.537874,4.351207,3.138720,3.813333,3.000000,0,2.954710
30898.915971,1.874807,-0.027161,-2.659750,-0.259754,0.407354,0.006884,0.008908,0.247928,-0.070640,-0.582411,4.535744,3.070640,3.953333,3.000000,0,3.094710
30899.004481,1.844600,-0.018000,-3.293029,-0.299754,0.397354,0.023950,0.003301,0.282103,-0.078940,-0.575933,4.673598,2.961667,4.093034,2.991268,0,3.234710
30899.092983,1.798674,-0.019535,-3.694515,-0.300000,0.387354,0.031323,0.004855,0.294320,-0.152184,-0.524473,4.762243,2.845544,4.225505,2.946259,0,3.374710
30899.181611,1.761654,-0.020492,-3.732602,-0.300000,0.377895,0.029583,0.005413,0.309851,-0.191277,-0.459968,4.807491,2.693371,4.340320,2.866309,0,3.514710
30899.270144,1.724926,-0.026011,-3.720839,-0.298953,0.367895,0.002769,0.000265,-0.009142,-0.181974,-0.387886,4.784335,2.519051,4.428488,2.757678,0,3.654710
30899.358738,1.664709,-0.037314,-4.037661,-0.258953,0.357895,-0.010810,-0.003801,-0.371368,-0.135593,-0.294426,4.690005,2.379341,4.483107,2.628871,0,3.794710
30899.419941,1.611937,-0.043092,-4.066984,-0.188011,0.347895,-0.023015,-0.015860,-0.738849,-0.058938,-0.195848,4.558938,2.294152,4.500000,2.490000,0,3.934710
30899.507853,1.579397,-0.045616,-3.666827,-0.015462,0.337895,-0.010485,0.007598,-1.009955,0.085070,-0.096331,4.414930,2.253669,4.500000,2.350000,0,4.029588
30899.595761,1.573628,0.007423,-1.318438,0.074583,0.327895,0.005864,-0.005294,-0.868363,0.209327,-0.024012,4.290673,2.232655,4.500000,2.256667,0,4.069350
30899.684253,1.574680,0.015437,0.177282,0.114583,0.317895,0.009759,-0.009569,-0.579290,0.329516,-0.011064,4.170484,2.205603,4.500000,2.216667,0,4.102627
30899.780425,1.573103,0.019973,1.059632,0.154583,0.307895,-0.013302,-0.008889,-0.570004,0.368309,0.031135,4.131691,2.214468,4.500000,2.183333,0,4.121022
30899.873971,1.538354,0.029305,1.639759,0.194583,0.317895,-0.013538,-0.008471,-0.537361,0.345567,0.046634,4.154433,2.209967,4.500000,2.163333,0,4.121022
30899.964063,1.500638,0.039959,2.175335,0.234583,0.307895,0.003328,-0.018428,-1.010001,0.337174,0.044231,4.162826,2.207564,4.500000,2.163333,0,4.121022
30900.054156,1.471993,0.040700,2.161531,0.274583,0.297895,0.024123,-0.028676,-1.425857,0.363889,0.048126,4.136111,2.211460,4.500000,2.163333,0,4.121022
30900.116232,1.451082,0.041550,2.142125,0.314583,0.287895,-0.011922,-0.007571,-0.174668,0.374861,0.041640,4.125139,2.204974,4.500000,2.163333,0,4.121022
30900.206099,1.393547,0.072779,3.517481,0.354583,0.277895,-0.001569,-0.006824,-0.393140,0.380640,0.040566,4.119360,2.203899,4.500000,2.163333,0,4.121022
30900.295216,1.332559,0.083961,3.950263,0.339747,0.267895,-0.008256,-0.002650,-0.240242,0.377765,0.042375,4.122235,2.205708,4.500000,2.163333,0,4.121022
30900.383869,1.280224,0.089393,3.945450,0.330641,0.257895,-0.023286,0.003620,0.041365,0.376975,0.041828,4.123025,2.205162,4.500000,2.163333,0,4.121022
30900.472672,1.221196,0.097242,4.061496,0.359900,0.247895,-0.015769,-0.006383,-0.346528,0.385708,0.041010,4.114292,2.204343,4.500000,2.163333,0,4.121022
30900.561891,1.167410,0.097857,3.867818,0.365207,0.237895,-0.019777,-0.008562,-0.416435,0.369492,0.036853,4.130508,2.200186,4.500000,2.163333,0,4.121022
30900.651897,1.110955,0.099658,3.732164,0.393283,0.227895,-0.017460,-0.007277,-0.334337,0.379750,0.038681,4.120250,2.202015,4.500000,2.163333,0,4.121022
30900.713747,1.051602,0.110211,3.945614,0.372551,0.217895,-0.051323,0.005731,0.059141,0.365940,0.035619,4.134060,2.198952,4.500000,2.163333,0,4.121022
30900.800911,0.981760,0.118203,4.039897,0.412551,0.227895,-0.031658,-0.002768,-0.203945,0.363833,0.034624,4.136167,2.197957,4.500000,2.163333,0,4.121022
30900.889242,0.927753,0.120823,3.966285,0.428675,0.217895,-0.018322,-0.005483,-0.226332,0.369280,0.034477,4.130720,2.197810,4.500000,2.163333,0,4.121022
30900.976915,0.887228,0.121512,3.922342,0.437890,0.227895,-0.036801,-0.009429,-0.377953,0.371300,0.042826,4.128700,2.206160,4.500000,2.163333,0,4.121022
30901.064163,0.833633,0.118842,3.730012,0.466494,0.237895,-0.033025,-0.018079,-0.622301,0.363081,0.032162,4.136919,2.195496,4.500000,2.163333,0,4.121022
30901.153254,0.783217,0.115457,3.537878,0.490941,0.247895,-0.024111,-0.024670,-0.789229,0.368577,0.032378,4.131423,2.195711,4.500000,2.163333,0,4.121022
30901.214917,0.741601,0.112113,3.374443,0.514090,0.257895,-0.031301,-0.031155,-0.962682,0.359239,0.029969,4.140761,2.193302,4.500000,2.163333,0,4.121022
30901.304532,0.691820,0.107486,3.173344,0.547025,0.267895,-0.039852,-0.014400,-0.473935,0.358325,0.029816,4.141675,2.193150,4.500000,2.163333,0,4.121022
30901.392901,0.631055,0.128357,3.711351,0.567029,0.277895,-0.040215,-0.019761,-0.623646,0.361757,0.036009,4.138243,2.199342,4.500000,2.163333,0,4.121022
30901.481504,0.591862,0.123471,3.521068,0.600458,0.287895,-0.056350,-0.018953,-0.598894,0.352960,0.027496,4.147040,2.190829,4.500000,2.163333,0,4.121022
30901.572392,0.533078,0.126872,3.564240,0.640458,0.297895,-0.050250,-0.020825,-0.631026,0.355963,0.027034,4.144037,2.190367,4.500000,2.163333,0,4.121022
30901.663700,0.486702,0.126369,3.509190,0.680458,0.307895,-0.052743,-0.032197,-0.933787,0.352478,0.026170,4.147522,2.189503,4.500000,2.163333,0,4.121022
30901.752577,0.439220,0.116171,3.192032,0.720458,0.317895,-0.047657,-0.022740,-0.656375,0.354204,0.024840,4.145796,2.188173,4.500000,2.163333,0,4.121022
30901.813608,0.390712,0.122897,3.344729,0.760458,0.327895,-0.045440,-0.031939,-0.892574,0.350382,0.023841,4.149618,2.187175,4.500000,2.163333,0,4.121022
30901.904237,0.346586,0.110675,2.989336,0.800458,0.337895,-0.048229,-0.021983,-0.629962,0.348841,0.023524,4.151159,2.186857,4.500000,2.163333,0,4.121022
30901.992769,0.302620,0.117605,3.142968,0.840458,0.347895,-0.042313,-0.024808,-0.685902,0.352006,0.026378,4.147994,2.189712,4.500000,2.163333,0,4.121022
30902.080675,0.276215,0.113098,3.023000,0.880458,0.357895,-0.051967,-0.030443,-0.833086,0.346712,0.022448,4.153288,2.185781,4.500000,2.163333,0,4.121022
30902.168987,0.237170,0.105646,2.811992,0.917520,0.367895,-0.030672,-0.029698,-0.800638,0.347900,0.022014,4.152100,2.185347,4.500000,2.163333,0,4.121022
30902.257753,0.221083,0.098924,2.628674,0.908933,0.377895,-0.034309,-0.028666,-0.771782,0.348159,0.025175,4.151841,2.188508,4.500000,2.163333,0,4.121022
30902.318646,0.206542,0.092777,2.461875,0.920176,0.387895,-0.015473,-0.026014,-0.695660,0.347274,0.022289,4.152726,2.185622,4.500000,2.163333,0,4.121022
30902.406849,0.200274,0.085929,2.277162,0.903911,0.397895,-0.021209,-0.025056,-0.673209,0.347624,0.022231,4.152376,2.185564,4.500000,2.163333,0,4.121022
30902.494903,0.200242,0.086025,2.278096,0.874590,0.407895,-0.034479,-0.024211,-0.643810,0.344203,0.022919,4.155797,2.186253,4.500000,2.163333,0,4.121022
30902.583031,0.195778,0.084668,2.251171,0.865620,0.417895,-0.030106,-0.017577,-0.477652,0.344457,0.022295,4.155543,2.185629,4.500000,2.163333,0,4.121022
30902.671338,0.200177,0.089381,2.365998,0.846776,0.427895,-0.042439,-0.016548,-0.451650,0.347509,0.025369,4.152491,2.188703,4.500000,2.163333,0,4.121022
30902.759790,0.200605,0.091896,2.435081,0.857493,0.437895,-0.043276,-0.020291,-0.550711,0.344303,0.022618,4.155697,2.185951,4.500000,2.163333,0,4.121022
30902.821037,0.201742,0.091053,2.413740,0.843139,0.447895,-0.026910,-0.010402,-0.282952,0.347621,0.021910,4.152379,2.185243,4.500000,2.163333,0,4.121022
30902.909312,0.208480,0.093942,2.491880,0.863349,0.457895,-0.043076,-0.021114,-0.573596,0.348570,0.025623,4.151430,2.188956,4.500000,2.163333,0,4.121022
30902.996647,0.210538,0.094825,2.515834,0.855323,0.467895,-0.045915,-0.020428,-0.556430,0.348132,0.022065,4.151868,2.185398,4.500000,2.163333,0,4.121022
30903.085653,0.212847,0.095806,2.542403,0.888593,0.477895,-0.045296,-0.027342,-0.740186,0.345928,0.022535,4.154072,2.185869,4.500000,2.163333,0,4.121022
30903.173806,0.210088,0.094628,2.510477,0.876463,0.487895,-0.045105,-0.024440,-0.662756,0.348112,0.025693,4.151888,2.189026,4.500000,2.163333,0,4.121022
30903.261829,0.211949,0.095418,2.531885,0.906157,0.497895,-0.042662,-0.029874,-0.806427,0.344799,0.022203,4.155201,2.185536,4.500000,2.163333,0,4.121022
30903.322950,0.209966,0.094580,2.509183,0.897013,0.507895,-0.028587,-0.011041,-0.301432,0.348547,0.021588,4.151453,2.184921,4.500000,2.163333,0,4.121022
30903.412172,0.210274,0.105081,2.787138,0.914528,0.517895,-0.050401,-0.023333,-0.637900,0.345494,0.021656,4.154506,2.184990,4.500000,2.163333,0,4.121022
30903.500214,0.211789,0.107050,2.839262,0.925900,0.527895,-0.046047,-0.023642,-0.644947,0.345352,0.021900,4.154648,2.185234,4.500000,2.163333,0,4.121022
30903.587347,0.216496,0.109473,2.905168,0.941331,0.537895,-0.038328,-0.023686,-0.644654,0.347347,0.021409,4.152653,2.184742,4.500000,2.163333,0,4.121022
30903.675405,0.225515,0.113651,3.018683,0.950019,0.547895,-0.045269,-0.023373,-0.640363,0.350083,0.024185,4.149917,2.187518,4.500000,2.163333,0,4.121022
30903.764181,0.226679,0.119738,3.180744,0.965409,0.557895,-0.047303,-0.028137,-0.768963,0.346046,0.021690,4.153954,2.185024,4.500000,2.163333,0,4.121022
30903.852109,0.228000,0.120386,3.198394,0.977280,0.567895,-0.040091,-0.027660,-0.753901,0.349799,0.025804,4.150201,2.189137,4.500000,2.163333,0,4.121022
30903.912530,0.233561,0.123066,3.271508,0.983361,0.577895,-0.027591,-0.022962,-0.622351,0.345230,0.021576,4.154770,2.184909,4.500000,2.163333,0,4.121022
30904.002728,0.234120,0.123347,3.279178,0.990614,0.587895,-0.048866,-0.024733,-0.681387,0.345758,0.021860,4.154242,2.185194,4.500000,2.163333,0,4.121022
30904.091793,0.230429,0.131927,3.505332,0.987225,0.597895,-0.052396,-0.024650,-0.681687,0.350769,0.026117,4.149231,2.189451,4.500000,2.163333,0,4.121022
30904.179927,0.235384,0.134887,3.586324,0.980001,0.607895,-0.055793,-0.024757,-0.687691,0.346109,0.021663,4.153891,2.184996,4.500000,2.163333,0,4.121022
30904.268102,0.240847,0.136646,3.634967,0.966102,0.617895,-0.052285,-0.020407,-0.572342,0.350074,0.021148,4.149926,2.184482,4.500000,2.163333,0,4.121022
30904.356813,0.255357,0.141835,3.778787,0.926102,0.627895,-0.074359,-0.021686,-0.621350,0.347180,0.022226,4.152820,2.185560,4.500000,2.163333,0,4.121022
