Time,header.seq,header.stamp.secs,header.stamp.nsecs,header.frame_id,pose.position.x,pose.position.y,pose.position.z,pose.orientation.x,pose.orientation.y,pose.orientation.z,pose.orientation.w
1709637585.2938354,336,1709637585,301988363,/world,-1.2152392578125,-0.12969496154785157,0.05192223739624023,0.0029030447735738183,0.014152831356656386,-0.8537772312082769,0.520437998142327
1709637585.3241756,337,1709637585,332292318,/world,-1.221484375,-0.14327781677246093,0.05183733367919922,0.003462446517368154,0.012913643833192991,-0.8501505014550901,0.5263699972045872
1709637585.3646564,338,1709637585,362595320,/world,-1.22751708984375,-0.15704269409179689,0.05153604507446289,0.002591196898604452,0.012502605114601419,-0.8469656255438853,0.5314942667886061
1709637585.384853,339,1709637585,392898321,/world,-1.23370947265625,-0.17084930419921876,0.051413604736328125,0.004445545503042764,0.009866048530438131,-0.8420803620920431,0.53924350187607
1709637585.4151306,340,1709637585,423201323,/world,-1.2393709716796875,-0.18490614318847656,0.05121672058105469,0.004948041539768062,0.008161094921852633,-0.8386168799970309,0.5446380641824632
1709637585.4454153,341,1709637585,453504324,/world,-1.2448421630859374,-0.1990753173828125,0.05114463424682617,0.0031829856072709503,0.010511409189077408,-0.8348293625119614,0.5503992081372912
1709637585.475695,342,1709637585,483807325,/world,-1.2501636962890625,-0.2131898956298828,0.05092855453491211,0.004361989006622269,0.009798178546074931,-0.8305087543050528,0.5569023052632628
1709637585.5060015,343,1709637585,514110327,/world,-1.2552803955078125,-0.227153076171875,0.05066395950317383,0.005403656107881131,0.009415450217741978,-0.8253343737083917,0.5645399389857356
1709637585.5463946,344,1709637585,544413328,/world,-1.259898681640625,-0.24132890319824218,0.050550804138183594,0.004050838598621198,0.009117629140258222,-0.8207513120086829,0.5711985133213676
1709637585.5666027,345,1709637585,574716330,/world,-1.264410400390625,-0.2555841369628906,0.05030397033691406,0.004175898566780557,0.005930242217912154,-0.8163272536684931,0.5775441396243047
1709637585.5972478,346,1709637585,605019331,/world,-1.2688892822265625,-0.26992633056640625,0.05005191040039063,0.004335141808065593,0.0025304713631038103,-0.8121940907155283,0.5833657346536921
1709637585.6275687,347,1709637585,635322332,/world,-1.2730421142578126,-0.2845123596191406,0.0498749008178711,0.007689518045535879,0.001133608011319832,-0.8072219295090011,0.5901968637964002
1709637585.6580184,348,1709637585,665625334,/world,-1.276894287109375,-0.2992112731933594,0.049768665313720706,0.006436152743532489,0.005264053193177001,-0.8028901057635965,0.5960690859470472
1709637585.6885772,349,1709637585,695928335,/world,-1.2805343017578126,-0.3140242004394531,0.04956044387817383,0.0049851958503516905,0.005971141897744579,-0.7979608553212502,0.6026590744023581
1709637585.7188554,350,1709637585,726231337,/world,-1.28399169921875,-0.328544189453125,0.04939333343505859,0.004451193641606206,0.007382397754495095,-0.7929775681377343,0.6091898367850557
1709637585.7491152,351,1709637585,756534338,/world,-1.2871373291015624,-0.34328561401367186,0.04917868041992188,0.005339961906612526,0.0027839260187557616,-0.788402777736236,0.6151299009476715
1709637585.7895718,352,1709637585,786837339,/world,-1.2899332275390625,-0.35806243896484374,0.049021095275878904,0.005543168044243649,0.0031772192954676037,-0.7834831408018154,0.621380191105032
1709637585.8097548,353,1709637585,817140341,/world,-1.2927635498046874,-0.37304116821289063,0.04874176406860352,0.004978239498143115,0.0008214022179263943,-0.7783352173943187,0.6278286581205442
1709637585.8400726,354,1709637585,847443342,/world,-1.2951885986328124,-0.3881961364746094,0.048500770568847655,0.005698476970689681,-0.0002910180089380978,-0.7727925503327661,0.6346330562955165
1709637585.8805664,355,1709637585,877746344,/world,-1.297443603515625,-0.4035499572753906,0.04842034149169922,0.005642907984624899,0.0022559226473427077,-0.7669702889516916,0.6416538194019451
1709637585.9007924,356,1709637585,908049345,/world,-1.2992376708984374,-0.41879782104492186,0.048260520935058594,0.005107486952825729,0.003812513615057306,-0.7620268354196165,0.6475140591516375
1709637585.931056,357,1709637585,938352346,/world,-1.3010155029296875,-0.434260009765625,0.048071708679199215,0.004614957955732022,0.002581586880579964,-0.7568741430293572,0.6535392588225607
1709637585.9614418,358,1709637585,968655348,/world,-1.3024698486328126,-0.44960354614257814,0.04781222915649414,0.005275728475849521,0.0027467867986200223,-0.7512071833752021,0.6600396911153934
1709637585.991849,359,1709637585,998958349,/world,-1.303632080078125,-0.4649645690917969,0.047854671478271486,0.004344698280950487,0.0037124657418677637,-0.7460235916491184,0.6658949966484982
1709637586.0220928,360,1709637586,29261351,/world,-1.304601318359375,-0.4804872131347656,0.04737386322021484,0.004259710437051936,0.002270166298366327,-0.7400381187638343,0.6725476108549925
1709637586.0523412,361,1709637586,59564352,/world,-1.3052491455078126,-0.49617465209960937,0.047185516357421874,0.003627022591319201,0.0030750147870700715,-0.7344890552729958,0.6786038801437124
1709637586.0825853,362,1709637586,89867353,/world,-1.3060321044921874,-0.5122446899414063,0.046663703918457033,0.006984317904798709,0.005582352328243398,-0.7299991520410449,0.6833895609939581
1709637586.1128745,363,1709637586,120170355,/world,-1.3061015625,-0.528344970703125,0.04672351455688477,0.0038171391724113133,0.012479530249306764,-0.7239723493531249,0.6897055316530982
1709637586.1431656,364,1709637586,150473356,/world,-1.306388671875,-0.5441669921875,0.04646817016601563,0.009473878381202424,0.004018787547867732,-0.7191433697987173,0.6947855251687567
1709637586.1734092,365,1709637586,180776358,/world,-1.306273193359375,-0.5599512939453125,0.04639608001708984,0.004774468124396464,0.010424077775421864,-0.7126848362079836,0.7013906480269566
1709637586.2036245,366,1709637586,211079359,/world,-1.30586865234375,-0.5758684692382813,0.046243358612060546,0.004991448513147966,0.009445741897445598,-0.7076365045829534,0.7064958769985683
1709637586.2338295,367,1709637586,241382360,/world,-1.3051676025390626,-0.5917781372070312,0.045789051055908206,0.007348630097608604,0.006128958232814016,-0.7019510263565667,0.7121609351661857
1709637586.2641113,368,1709637586,271685362,/world,-1.304249755859375,-0.6078386840820312,0.045459503173828124,0.003839406109710936,0.01019549437854489,-0.6966195830678081,0.7173579914567159
1709637586.3044953,369,1709637586,301988363,/world,-1.3032821044921874,-0.6239315795898438,0.04518399047851562,0.0053137983718121486,0.005390532417345456,-0.6908306792705868,0.7229769568588611
1709637586.324669,370,1709637586,332292318,/world,-1.3018111572265625,-0.6400948486328125,0.044884567260742185,0.004597104155740971,0.004782326613613959,-0.6857802759418968,0.7277784126633386
1709637586.3548837,371,1709637586,362595320,/world,-1.30033935546875,-0.6561827392578125,0.04457509231567383,0.0018984442363250184,0.009731840390063884,-0.6808822216889004,0.7323258222538747
1709637586.3853784,372,1709637586,392898321,/world,-1.2987335205078125,-0.672129638671875,0.044435943603515625,0.0010778124793988598,0.007392710861049082,-0.6765541212223471,0.7363550006707306
1709637586.4156055,373,1709637586,423201323,/world,-1.2968232421875,-0.6879495239257812,0.04426142501831055,0.0016605363046888907,0.005576553368561808,-0.672191635673609,0.7403543420370217
1709637586.4461102,374,1709637586,453504324,/world,-1.2948631591796875,-0.7038785400390625,0.04414850616455078,0.0015461979067913467,0.0021551119814136274,-0.666619451591615,0.745393503083775
1709637586.4763615,375,1709637586,483807325,/world,-1.292391845703125,-0.7197252197265624,0.043894996643066404,0.0011521983098827506,0.0017093201554379686,-0.6626192021618579,0.7489536332450286
1709637586.5066187,376,1709637586,514110327,/world,-1.2899466552734375,-0.7357843627929688,0.043943172454833986,-0.001301412939770946,0.004468542448838755,-0.6589828539843192,0.7521435607934326
1709637586.536856,377,1709637586,544413328,/world,-1.2875230712890624,-0.7517911376953125,0.04375025177001953,-0.000447199464192147,0.002587919990169791,-0.655293265974533,0.7553699989039668
1709637586.567078,378,1709637586,574716330,/world,-1.2849913330078124,-0.7676793823242187,0.043652000427246096,0.0017742143003134808,-0.0006418660800104442,-0.6514304114325916,0.7587060404247651
1709637586.597323,379,1709637586,605019331,/world,-1.282132568359375,-0.783439453125,0.04356267166137695,-0.0005699653936263256,0.0020433841104065126,-0.6476091017122025,0.7619697866277492
1709637586.6276152,380,1709637586,635322332,/world,-1.279216796875,-0.7991903686523437,0.04341302490234375,0.0013813274176522666,0.0017859622083329846,-0.645151782269795,0.7640510895624
1709637586.657913,381,1709637586,665625334,/world,-1.27621923828125,-0.8149970703125,0.04325023651123047,0.003169930779734251,0.0010355324346030324,-0.6402931369774573,0.768123413608859
1709637586.6882162,382,1709637586,695928335,/world,-1.272502685546875,-0.8306632080078125,0.04326309967041016,0.0011839787509267557,-0.001833607133840958,-0.6355636128414157,0.7720454143714093
1709637586.7184305,383,1709637586,726231337,/world,-1.268878662109375,-0.8464031372070312,0.043416934967041014,0.0005941237371565434,0.00046943028409484336,-0.6314169014184696,0.7754431761991011
1709637586.7486804,384,1709637586,756534338,/world,-1.2654710693359374,-0.8620346069335938,0.043037364959716794,0.0017959237334935218,-0.0004555973636690413,-0.6301150033278696,0.7764996085806128
1709637586.7789912,385,1709637586,786837339,/world,-1.261741455078125,-0.8776268310546875,0.042943241119384766,0.0025148923714371795,-0.002052579138986119,-0.6251233479402968,0.7805192247551763
1709637586.8092155,386,1709637586,817140341,/world,-1.257644287109375,-0.8929497680664062,0.0430297966003418,0.003116451815937419,-0.003979485082958076,-0.6206930617811551,0.7840373573970025
1709637586.8394756,387,1709637586,847443342,/world,-1.2534244384765625,-0.9081105346679688,0.04283833312988281,0.005275096085131319,-0.0038010528078674245,-0.6149336180520374,0.7885520742986
1709637586.8699002,388,1709637586,877746344,/world,-1.249072265625,-0.9233922119140625,0.04261427307128906,0.005834217711591614,-0.006221918826371663,-0.6093988367411135,0.7928179658619408
1709637586.9001846,389,1709637586,908049345,/world,-1.24423291015625,-0.9384659423828124,0.04250718688964844,0.004861100638558001,-0.005559025416383779,-0.6047374136955488,0.7963906854639485
1709637586.9305592,390,1709637586,938352346,/world,-1.2390792236328125,-0.9536051025390625,0.042496448516845704,0.005167689761672899,-0.002680933072993008,-0.599643011433321,0.8002464369349243
1709637586.9608278,391,1709637586,968655348,/world,-1.2340435791015625,-0.9688148803710938,0.04236020278930664,0.006498685711948118,-0.004035268743238189,-0.5940156955390814,0.8044170786337445
1709637586.9911337,392,1709637586,998958349,/world,-1.22883154296875,-0.98371826171875,0.04244266510009766,0.006410818131425428,-0.004408699271999525,-0.5875658161534961,0.8091389665386828
1709637587.0213974,393,1709637587,29261351,/world,-1.2231435546875,-0.9983316650390625,0.04231979751586914,0.008142652388213505,-0.003904534041237296,-0.5823232531336485,0.8129071810941424
1709637587.0540323,394,1709637587,59564352,/world,-1.2175177001953126,-1.012925048828125,0.042244796752929685,0.006266790445237706,-0.004350607861871338,-0.5761389490178767,0.8173161642414405
1709637587.08437,395,1709637587,89867353,/world,-1.211696533203125,-1.02748486328125,0.04228185653686523,0.011415527012439511,-0.007316881502654795,-0.5693611833369081,0.8219756659440981
1709637587.1146584,396,1709637587,120170355,/world,-1.2053251953125,-1.0420289306640624,0.04212111282348633,0.007289933546681732,-0.005019131957626333,-0.5646210203072257,0.8253028393273535
1709637587.1449125,397,1709637587,150473356,/world,-1.198837646484375,-1.05632763671875,0.04188509368896484,0.008831054979795862,-0.006034019398735988,-0.5593328641924759,0.8288741456986536
1709637587.175193,398,1709637587,180776358,/world,-1.1923529052734374,-1.07093603515625,0.04167166137695313,0.009797459710755737,-0.007289320125499747,-0.5544323589971054,0.8321391917670711
1709637587.205505,399,1709637587,211079359,/world,-1.1856533203125,-1.0854295654296875,0.041590904235839846,0.011165120865331689,-0.004345697684894413,-0.5487825297931883,0.8358792792750229
1709637587.2359843,400,1709637587,241382360,/world,-1.178706787109375,-1.0998040771484374,0.04145210266113281,0.014388673491732552,-0.004147886669264079,-0.5443174052481478,0.8387456901413981
1709637587.2662284,401,1709637587,271685362,/world,-1.1712855224609375,-1.1138380126953125,0.041289913177490235,0.012569902656106946,-0.004979804090450751,-0.5374896134482777,0.8431619740898348
1709637587.2965214,402,1709637587,301988363,/world,-1.1639649658203124,-1.1280999755859376,0.041114250183105466,0.01545270875201661,-0.0038178345464296875,-0.530126012271129,0.8477694528114582
1709637587.3268604,403,1709637587,332292318,/world,-1.156131591796875,-1.14214990234375,0.040898941040039063,0.014986400518364053,-0.00357997332064626,-0.5236208809120888,0.8518120548757377
1709637587.3572679,404,1709637587,362595320,/world,-1.1480369873046874,-1.156280517578125,0.04057749176025391,0.01754928410234943,-0.0013470519375318422,-0.516212986689772,0.8562793723171033
1709637587.3875763,405,1709637587,392898321,/world,-1.1398795166015625,-1.1702481689453126,0.040670761108398436,0.017457353609288594,-0.00409299693739276,-0.5088548415668128,0.8606655747206395
1709637587.4178612,406,1709637587,423201323,/world,-1.131150390625,-1.1841092529296875,0.04026843643188477,0.01893577018856449,-0.007069660607909645,-0.4999677006108183,0.8658081503026153
1709637587.4481664,407,1709637587,453504324,/world,-1.1221319580078124,-1.1975435791015625,0.04026572799682617,0.01720063739079925,-0.005409460106689821,-0.4904271787538234,0.8712956233099322
1709637587.4784293,408,1709637587,483807325,/world,-1.1125533447265625,-1.210970458984375,0.04018359375,0.016656142379476654,-0.004231530947713319,-0.48193857637231396,0.8760364558775185
1709637587.50871,409,1709637587,514110327,/world,-1.1027542724609376,-1.224424560546875,0.03967837905883789,0.01798668022847738,-0.002979722928381095,-0.473501466176033,0.8806043200640092
1709637587.5390952,410,1709637587,544413328,/world,-1.0926207275390625,-1.23791552734375,0.03972357559204102,0.015025871583745123,-0.004951360560022717,-0.4649916370676671,0.8851737034988486
1709637587.5693524,411,1709637587,574716330,/world,-1.0818870849609374,-1.2511671142578125,0.039280616760253906,0.014596589060358359,-0.0052645012303042665,-0.45816095565188875,0.8887337966976351
1709637587.5996053,412,1709637587,605019331,/world,-1.071094482421875,-1.264740478515625,0.03919222259521484,0.015115298112125159,-0.0033999778421642786,-0.4497060369011338,0.8930422371356863
1709637587.6299262,413,1709637587,635322332,/world,-1.0600108642578125,-1.2777955322265624,0.039141693115234376,0.010579567279711056,-0.0024674569348555374,-0.44323324452668267,0.8963404936840207
1709637587.660214,414,1709637587,665625334,/world,-1.048766845703125,-1.2910791015625,0.03888232421875,0.014563243734067071,-0.0027836225380318256,-0.4357294027839312,0.8999555864899005
1709637587.690566,415,1709637587,695928335,/world,-1.03734619140625,-1.304151123046875,0.03869222259521484,0.015300360579875109,-0.004463610069937792,-0.4279756884518273,0.9036497020730232
1709637587.7208905,416,1709637587,726231337,/world,-1.025295166015625,-1.317208251953125,0.038554290771484374,0.017380776791352463,-0.0041335496959538165,-0.42026771278814906,0.907224271215003
1709637587.7513053,417,1709637587,756534338,/world,-1.0130860595703124,-1.3301092529296874,0.03853104400634766,0.013805583301922195,-0.004157605610530413,-0.4125297208914427,0.910830039593976
1709637587.7815711,418,1709637587,786837339,/world,-1.0005903930664062,-1.3428763427734376,0.03801495361328125,0.017687656528049645,-0.004182456328849748,-0.4039580518911944,0.9145969312014711
1709637587.8118289,419,1709637587,817140341,/world,-0.9877642211914063,-1.3555108642578124,0.03812652206420898,0.01092499525094672,-0.003422325396677799,-0.39605673067538444,0.9181546692569571
1709637587.8420796,420,1709637587,847443342,/world,-0.9747396850585938,-1.3679576416015624,0.037887813568115235,0.013776059225778797,-0.004519973673497471,-0.38828271332902525,0.921426251669643
1709637587.8723927,421,1709637587,877746344,/world,-0.9616033935546875,-1.3803433837890624,0.03775463104248047,0.01842971051838059,-0.006858413808019147,-0.3797816296486548,0.9248671384710062
1709637587.9026868,422,1709637587,908049345,/world,-0.9478712158203125,-1.3924425048828124,0.03776207733154297,0.017302063683545345,-0.005576304375049925,-0.3717502031978424,0.9281548039310221
1709637587.9329753,423,1709637587,938352346,/world,-0.9339246826171875,-1.4045380859375,0.03764771270751953,0.016763650241525156,-0.003647218940747256,-0.36367864775460196,0.9313664782729039
1709637587.9633486,424,1709637587,968655348,/world,-0.9196962280273437,-1.41646630859375,0.03742118453979492,0.0164558735714481,-0.005157512302700491,-0.3558918767623619,0.9343680119970804
1709637587.9936585,425,1709637587,998958349,/world,-0.9049269409179688,-1.4280830078125,0.03726972198486328,0.01650172743439044,-0.0025813485046523575,-0.3477274515460194,0.9374468788355852
1709637588.023943,426,1709637588,29261351,/world,-0.8900277099609375,-1.43955029296875,0.03693794631958008,0.01761082465419597,-0.0028775828307797584,-0.33852835829775085,0.9407869731815791
1709637588.054207,427,1709637588,59564352,/world,-0.8748052368164062,-1.4509481201171874,0.03675293731689453,0.021318602741357325,-0.0026387951509783476,-0.3280656021600943,0.9444106663167416
1709637588.084485,428,1709637588,89867353,/world,-0.8592367553710938,-1.4617978515625,0.03668348693847656,0.020440526144213152,-0.0011087045165566268,-0.31864459422380886,0.9476531897461642
1709637588.1148067,429,1709637588,120170355,/world,-0.8433087158203125,-1.4726234130859375,0.03610427474975586,0.02460929464254623,-0.002517652227968033,-0.3087705241037683,0.9508148087132661
1709637588.1450608,430,1709637588,150473356,/world,-0.8271744995117187,-1.4832535400390625,0.03620935440063477,0.017183105827094043,-0.0006838024205017102,-0.29778961802822573,0.9544766176006468
1709637588.175369,431,1709637588,180776358,/world,-0.8106925048828125,-1.4930255126953125,0.03602949523925781,0.02029835843064323,-0.0035599370877713297,-0.28760673725952685,0.9575268610431064
1709637588.205673,432,1709637588,211079359,/world,-0.794028564453125,-1.5028304443359375,0.035683692932128905,0.018767240735735866,-0.004785252606784207,-0.2775957437999496,0.9605027277459448
1709637588.2360704,433,1709637588,241382360,/world,-0.7770149536132812,-1.512149169921875,0.03538501358032226,0.016401533839864823,-0.00218703325055223,-0.26884578593418135,0.963041088736419
1709637588.2663393,434,1709637588,271685362,/world,-0.7596605224609375,-1.5211669921875,0.035208816528320315,0.020670844572247094,-0.002773173875291495,-0.25764871586605775,0.9660135505922398
1709637588.2965658,435,1709637588,301988363,/world,-0.7422697143554687,-1.5302508544921876,0.034959941864013674,0.016725052661527958,-0.004529735823729051,-0.24941649120383455,0.9682412734496563
1709637588.326765,436,1709637588,332292318,/world,-0.724531005859375,-1.538752685546875,0.034911422729492186,0.01506111397779505,-0.002921312356000878,-0.23801428710980732,0.9711404732399359
1709637588.3569725,437,1709637588,362595320,/world,-0.7066663818359376,-1.5470535888671875,0.034738548278808595,0.015713628184090292,-0.004397967213232335,-0.2303167603637744,0.97297889842629
1709637588.3872178,438,1709637588,392898321,/world,-0.688571044921875,-1.55499560546875,0.03436236953735351,0.017926779318710954,-0.0034815402272539353,-0.21899543158365622,0.9755549764827578
1709637588.4174583,439,1709637588,423201323,/world,-0.6705067138671875,-1.56233642578125,0.03418684387207031,0.015023282736518803,0.001843564610518096,-0.2100759410539599,0.9775679028626791
1709637588.447715,440,1709637588,453504324,/world,-0.6522288208007813,-1.56954345703125,0.03431418991088867,0.008974956953492676,7.207658339713838e-05,-0.20181249457019157,0.979383049891046
1709637588.4779801,441,1709637588,483807325,/world,-0.6331310424804687,-1.575954833984375,0.03176387786865234,0.06308904602393697,-0.02342011714091874,-0.19097907916492754,0.9792845668559433
1709637590.4783428,442,1709637590,483807325,/world,0.6011861572265625,-1.322619384765625,0.03362518310546875,-0.013029594830654715,-0.01991999645962622,0.3495477201579434,0.936616155113999
1709637590.508599,443,1709637590,514110327,/world,0.61550830078125,-1.3093323974609374,0.034230987548828126,-0.005088302871067271,-0.02018867444210206,0.3556126042498539,0.934401517829842
1709637590.538867,444,1709637590,544413328,/world,0.6295722045898438,-1.2960406494140626,0.03520700836181641,-0.006305734574068599,-0.003908285285214651,0.3650293798813348,0.9309664352135703
1709637590.5691524,445,1709637590,574716330,/world,0.6434471435546875,-1.2822901611328126,0.035640037536621094,-0.002868822302490677,-0.001512388207405932,0.37248028062762856,0.9280344427608572
1709637590.599485,446,1709637590,605019331,/world,0.657119384765625,-1.268245361328125,0.035674785614013674,-0.006643696804295837,-0.0026989441267447492,0.37823275606089274,0.9256827547496346
1709637590.6297758,447,1709637590,635322332,/world,0.670731201171875,-1.2541839599609375,0.03585739517211914,-0.00444462784166904,-0.002197988217247561,0.385117382741826,0.9228542751696243
1709637590.6599815,448,1709637590,665625334,/world,0.6840712890625,-1.2398682861328125,0.03607260894775391,-0.012607002655648316,-0.0020998069201814936,0.39202210903820156,0.919867009756078
1709637590.6902382,449,1709637590,695928335,/world,0.697211669921875,-1.225420166015625,0.036160064697265626,0.004210272531184431,0.00273364384121694,0.39841812353554534,0.9171901647603773
1709637590.7205207,450,1709637590,726231337,/world,0.7103598022460937,-1.2108609619140625,0.03623780822753906,-0.011890918408367536,0.0008685652276430862,0.4081699609638885,0.912828092836945
1709637590.7508292,451,1709637590,756534338,/world,0.7231723022460937,-1.196286376953125,0.03697905349731445,-0.007605335858904937,0.0034430081009304233,0.41549693781044594,0.9095562606751653
1709637590.7811115,452,1709637590,786837339,/world,0.7358901977539063,-1.1814154052734376,0.03661054229736328,-0.004317257232157953,0.005981218485142201,0.4203959098335055,0.9073107940038693
1709637590.8113637,453,1709637590,817140341,/world,0.748225830078125,-1.166454833984375,0.03685056304931641,-0.006148788184217396,0.002803910725780028,0.4262423974849744,0.9045837392254069
1709637590.8416476,454,1709637590,847443342,/world,0.7601271362304688,-1.1510528564453124,0.0372550048828125,-0.012575911668639805,-0.0019278851261945846,0.4309666193773015,0.9022781794119938
1709637590.8718867,455,1709637590,877746344,/world,0.7718641967773437,-1.1357518310546875,0.03757765197753906,-0.011840726174176603,-0.0042808446696633645,0.43830518917027733,0.8987380230043241
1709637590.9022355,456,1709637590,908049345,/world,0.7835678100585938,-1.1200404052734374,0.037559326171875,-0.01541128211262653,-0.007369983990044539,0.44371142244305284,0.8960068954107717
1709637590.9325132,457,1709637590,938352346,/world,0.7952283935546876,-1.1043040771484376,0.03785451126098633,-0.0159489381504403,-0.0052080479342322275,0.45182746091831943,0.891947567372726
1709637590.962821,458,1709637590,968655348,/world,0.8065044555664063,-1.0882684326171874,0.03768368148803711,-0.00959069272294751,-0.0037479114698598884,0.4599015135842344,0.887910227259201
1709637590.9930606,459,1709637590,998958349,/world,0.8169812622070313,-1.0720780029296875,0.03810965728759766,-0.010983692429335766,-0.0030263505314187607,0.46930687618784583,0.8829616403774452
1709637591.0233157,460,1709637591,29261351,/world,0.8272080688476563,-1.055727294921875,0.03870129013061523,-0.008686916271370474,0.0013790698330699656,0.4776056579088661,0.8785302947546699
1709637591.0536544,461,1709637591,59564352,/world,0.8375152587890625,-1.038820068359375,0.038452964782714844,-0.014204013185097956,-0.003101706285649542,0.4803114222768383,0.8769775081379749
1709637591.0839498,462,1709637591,89867353,/world,0.847579833984375,-1.022205078125,0.0389228630065918,-0.017874084301244122,-0.0029904178508284446,0.48592834436035603,0.8738107433133632
1709637591.1141999,463,1709637591,120170355,/world,0.8577100219726562,-1.0055528564453124,0.03907268142700195,-0.014813338479591761,-0.0005211211438307248,0.49342820136713855,0.8696602200455847
1709637591.1444442,464,1709637591,150473356,/world,0.8675479125976563,-0.9887216796875,0.03920536041259766,-0.010353105543210185,0.0019440940410747499,0.49965064930466063,0.8661629492574295
1709637591.1746895,465,1709637591,180776358,/world,0.8769381103515625,-0.9716168212890625,0.03933407592773437,-0.00873933157157251,0.004727187923544434,0.5059412171336207,0.8625107342978091
1709637591.2049508,466,1709637591,211079359,/world,0.8862109375,-0.9543550415039063,0.03933877182006836,-0.012971355695293734,0.0016046007858716443,0.511952389707325,0.8589143775706681
1709637591.2352018,467,1709637591,241382360,/world,0.8953560791015625,-0.9369459228515625,0.039564464569091795,-0.014189920714137758,-0.00013079644631768745,0.5198968692632983,0.8541111559779417
1709637591.2656946,468,1709637591,271685362,/world,0.9039776611328125,-0.9191400146484375,0.03965254974365234,-0.013176162115235927,0.0020686420268095735,0.5265997129448531,0.8500087369441749
1709637591.295931,469,1709637591,301988363,/world,0.91228271484375,-0.9011757202148437,0.039778427124023436,-0.013300121969452303,0.0018893705882734278,0.5344148472799802,0.8451155632326101
1709637591.326186,470,1709637591,332292318,/world,0.9201787719726563,-0.8832039184570313,0.04031334686279297,-0.020436814000782507,-0.0010289962091529692,0.5428274559450464,0.8395949194694794
1709637591.3564382,471,1709637591,362595320,/world,0.9276364135742188,-0.864763916015625,0.04000908660888672,-0.018629030967501337,-0.0018314788126896264,0.5516044728648759,0.8338957433483619
1709637591.3866801,472,1709637591,392898321,/world,0.9348541259765625,-0.846405517578125,0.04018233489990235,-0.015236266840925439,-0.000249072744871565,0.5610132324769572,0.8276665651234226
1709637591.4169376,473,1709637591,423201323,/world,0.941301025390625,-0.8276718139648438,0.04045231246948242,-0.018554097200551317,-0.0024060947959556964,0.5694702213837598,0.8217990212802764
1709637591.4472027,474,1709637591,453504324,/world,0.9478343505859375,-0.8085390014648437,0.0406728515625,-0.020732884546218314,-0.002029581180466383,0.5781110334059072,0.8156921421199825
1709637591.4776404,475,1709637591,483807325,/world,0.9537024536132812,-0.7895707397460937,0.040813667297363285,-0.020295954217609817,-0.0015670006807993304,0.5865106436229875,0.8096856701137134
1709637591.5078955,476,1709637591,514110327,/world,0.9589622192382813,-0.7704088134765625,0.0409529037475586,-0.01951661501164595,-0.0025226658054181136,0.5956293926457276,0.8030182737840055
1709637591.5381746,477,1709637591,544413328,/world,0.9641857299804687,-0.7510648193359375,0.041068065643310545,-0.020277482449770175,-0.0031041609081191007,0.605442332925947,0.7956247760250978
1709637591.5684438,478,1709637591,574716330,/world,0.968208251953125,-0.731647705078125,0.04070771026611328,-0.006336984345414186,0.003842367551819742,0.6125162899714581,0.7904232255819048
1709637591.5987253,479,1709637591,605019331,/world,0.9721156005859375,-0.712079833984375,0.04094447326660156,-0.005453903574194176,0.0031446225095532947,0.6205637151762624,0.7841307576117261
1709637591.6292403,480,1709637591,635322332,/world,0.9758939819335938,-0.692427734375,0.040973278045654295,-0.002179292873792086,0.003941870819705954,0.630189837881259,0.7764280187418973
1709637591.6595097,481,1709637591,665625334,/world,0.9789658203125,-0.6728187255859375,0.041221027374267576,-0.0018238043067726325,0.0023948228777558238,0.6394250364094981,0.7688475563401019
1709637591.689792,482,1709637591,695928335,/world,0.98139404296875,-0.6529768676757812,0.041462703704833986,-0.0034614503725037943,0.0018329879206899532,0.648597314604216,0.7611216576835357
1709637591.7220414,483,1709637591,726231337,/world,0.9835587158203125,-0.6329832763671875,0.0410580940246582,-0.0002851569862489931,0.005561245352293694,0.6581998101732154,0.7528226828331814
1709637591.7523127,484,1709637591,756534338,/world,0.9850672607421875,-0.6129353637695313,0.041227062225341796,-0.0014739938668150959,0.006757054314417777,0.6675379152467975,0.744543686039388
1709637591.7826834,485,1709637591,786837339,/world,0.986208251953125,-0.5929688720703125,0.04170712280273438,-0.0010680881770109808,0.004254441764488109,0.6762134231640765,0.7366927253560157
1709637591.8130279,486,1709637591,817140341,/world,0.98688134765625,-0.5729955444335938,0.04194989013671875,0.00010026167916275745,0.006558175779353901,0.6860751398509666,0.7275011366361328
1709637591.843299,487,1709637591,847443342,/world,0.9866715087890625,-0.5530758056640624,0.04249244689941406,-0.003998492639593374,0.0052695990691547685,0.6955266815320449,0.7184698359603311
1709637591.8735569,488,1709637591,877746344,/world,0.9862540283203125,-0.5331860961914062,0.04239555740356445,0.0005367619120336684,0.005393085393871517,0.70648284361554,0.7077094184456787
1709637591.9038012,489,1709637591,908049345,/world,0.9851317138671875,-0.5133065185546875,0.04210366058349609,0.003277300697716672,0.0058212428508257336,0.7163046397600833,0.6977557191631666
1709637591.934061,490,1709637591,938352346,/world,0.9824674682617187,-0.49341702270507815,0.04245728302001953,-0.0019279996847000511,0.0025484699954064754,0.728502740635856,0.6850354461946434
1709637591.964356,491,1709637591,968655348,/world,0.9796044921875,-0.4736870422363281,0.042824371337890625,-0.002806224306673853,0.003603061494287959,0.7417040330276896,0.6707117620566313
1709637591.9946203,492,1709637591,998958349,/world,0.9755650024414062,-0.45419317626953126,0.04311407089233398,-0.005159520250155262,0.0006535352388624007,0.7525277962023073,0.6585399490319161
1709637592.024862,493,1709637592,29261351,/world,0.971349365234375,-0.43473641967773435,0.04322185516357422,-0.0044806011865793196,0.004705148838050815,0.7656131029910254,0.6432685186855714
1709637592.0551143,494,1709637592,59564352,/world,0.9662594604492187,-0.4154359436035156,0.04332489395141602,-0.005069673374578857,0.006954741503449047,0.7780817695117996,0.6281040418269357
1709637592.0855415,495,1709637592,89867353,/world,0.9601431274414063,-0.3962909240722656,0.04342136001586914,-0.006694145815621331,0.008030051127781967,0.7900412900227569,0.6129644815012872
1709637592.1157455,496,1709637592,120170355,/world,0.9533142700195313,-0.37731494140625,0.04360487365722656,-0.009021491247901385,0.0023772667695425753,0.8010524909967386,0.5985214104850178
1709637592.1460645,497,1709637592,150473356,/world,0.9457762451171875,-0.35867044067382814,0.043848915100097655,-0.009148147097802505,0.0042723156715171046,0.8122366027266812,0.5832407755876492
1709637592.1763635,498,1709637592,180776358,/world,0.9374327392578125,-0.3404730224609375,0.04389446258544922,-0.010581282401831675,-0.0018172170587356575,0.8215685993696736,0.5700085757681226
1709637592.2066302,499,1709637592,211079359,/world,0.9290181884765625,-0.32248779296875,0.044085460662841795,-0.008523444147910397,0.005297209909765394,0.8347791067842274,0.5504935169089418
1709637592.236897,500,1709637592,241382360,/world,0.9190150146484375,-0.30512152099609374,0.04432427215576172,-0.011698733261568645,0.002592955934994031,0.845472772844944,0.5338840817389318
1709637592.2672644,501,1709637592,271685362,/world,0.9085164184570312,-0.28815847778320314,0.04455354309082031,-0.01571565368151687,-0.006707912188761186,0.8553172677095986,0.5178227548268699
1709637592.2975569,502,1709637592,301988363,/world,0.8976340942382812,-0.27144317626953124,0.04476778411865234,-0.011208998760035628,0.000332870633399099,0.8668625024996172,0.498421156455593
1709637592.3278155,503,1709637592,332292318,/world,0.8856923217773438,-0.2555971527099609,0.0449730339050293,-0.016868159435252255,-0.014135224762962324,0.8754554567922656,0.482797489915381
1709637592.3581336,504,1709637592,362595320,/world,0.873618408203125,-0.23993502807617187,0.045033935546875,-0.01508218877492691,-0.010337727236340539,0.8847811868069567,0.4656478293646201
1709637592.3883843,505,1709637592,392898321,/world,0.8602734985351562,-0.22497613525390625,0.044721511840820315,-0.004989436574315612,0.0010971911849576874,0.8914920785624743,0.4530074822751697
1709637592.4186518,506,1709637592,423201323,/world,0.8474447631835937,-0.20985392761230467,0.04517185211181641,-0.008571123807226706,-0.0026583559349179775,0.8982186092260737,0.4394574109707846
1709637592.4489098,507,1709637592,453504324,/world,0.83420654296875,-0.19514131164550783,0.0455333023071289,-0.009710115178813525,-0.005002479435511122,0.905295469474791,0.4246419624655047
1709637592.4792016,508,1709637592,483807325,/world,0.8219204711914062,-0.18038739013671876,0.04762329864501953,-0.03147276734690403,-0.006516076006225908,0.9168238541185234,0.3979962630959592
1709637592.5097396,509,1709637592,514110327,/world,0.8065529174804688,-0.1667424774169922,0.046361915588378905,-0.019176009517043922,-0.01841095352653938,0.9169283144869561,0.39816551841814185
1709637592.5400364,510,1709637592,544413328,/world,0.79324853515625,-0.15285873413085938,0.04742184829711914,-0.018236642895522216,0.013910279749914364,0.9259935047182418,0.37684209953876296
1709637592.570282,511,1709637592,574716330,/world,0.7787731323242187,-0.13932322692871094,0.047635730743408204,-0.019838217178388434,0.01426432057338122,0.9295834795676583,0.3678009370666656
1709637592.6005344,512,1709637592,605019331,/world,0.764259521484375,-0.12595117950439452,0.047764083862304685,-0.01886847861995177,0.011957892653260884,0.9332299102094427,0.35858461572730305
1709637592.6308484,513,1709637592,635322332,/world,0.7494210815429687,-0.11277639007568359,0.04802283477783203,-0.02063590817298688,0.011615993004609014,0.9364101353308041,0.3501075381954615
1709637592.6610808,514,1709637592,665625334,/world,0.7343216552734375,-0.09996772766113281,0.048489635467529296,-0.021440815266727253,0.011099428646944307,0.9394874407871302,0.3417315418244434
1709637592.69134,515,1709637592,695928335,/world,0.718735107421875,-0.08724067687988281,0.04787137985229492,-0.0198018056866819,-0.0056796462625991195,0.9404302816894176,0.33936194094545563
1709637592.7216754,516,1709637592,726231337,/world,0.703118896484375,-0.07490036010742188,0.04807714080810547,-0.02312705648782685,-0.015433520353876844,0.9412660613089144,0.33651915332307936
1709637592.7518957,517,1709637592,756534338,/world,0.6874104614257812,-0.06259048461914063,0.047859317779541014,-0.021922479060483675,-0.010607360951418105,0.9436764944263337,0.32997205101198607
1709637592.7821836,518,1709637592,786837339,/world,0.6715330200195313,-0.05047948455810547,0.04820027542114258,-0.023345870910976722,-0.01326530726051556,0.9465149963060443,0.3215406002462889
1709637592.8125756,519,1709637592,817140341,/world,0.65490869140625,-0.03853524017333984,0.04768002319335937,-0.012239643397319748,0.006261610714577143,0.9490431085413613,0.31484624483999113
1709637592.8428679,520,1709637592,847443342,/world,0.6391121215820312,-0.026996232986450194,0.048315391540527344,-0.007774387064541283,0.00366830584456153,0.9509385153633085,0.30926045526896034
1709637592.8731296,521,1709637592,877746344,/world,0.6230429077148437,-0.015871892929077147,0.04854847717285156,-0.007077120115812441,0.0021118755624199136,0.9534522807933244,0.3014534816408191
1709637592.9034493,522,1709637592,908049345,/world,0.6066637573242187,-0.00485579776763916,0.048360370635986326,-0.008328250198864975,-0.001280931466066247,0.9550171112979173,0.29643097788952394
1709637592.9338248,523,1709637592,938352346,/world,0.5901746215820313,0.005564200401306152,0.04866836166381836,-0.002539193821881189,0.004648675144941304,0.9577435081240009,0.2875749277214374
1709637592.9641356,524,1709637592,968655348,/world,0.5733264770507812,0.01583702850341797,0.04856926727294922,-0.001935599045430286,0.0016990583581953187,0.9597464056889212,0.2808561972411791
1709637592.9944198,525,1709637592,998958349,/world,0.5566160278320312,0.02641281509399414,0.0492249755859375,-0.0034823198950386766,0.002047983954007257,0.9624473681240947,0.2714382787455706
1709637593.0247145,526,1709637593,29261351,/world,0.539613037109375,0.036019805908203126,0.04931374359130859,-0.005080606992410181,0.0016971342808269519,0.9648595646477198,0.2627114853260671
1709637593.055029,527,1709637593,59564352,/world,0.5223638916015625,0.04496257781982422,0.049733612060546876,-0.007993519989000863,-0.004421728830620896,0.9665443013423871,0.25633701971586786
1709637593.0853252,528,1709637593,89867353,/world,0.5052526245117187,0.054017162322998045,0.05002995681762695,-0.009923066582240814,-0.002099644261683924,0.9688929636892786,0.24727223208438104
1709637593.1155684,529,1709637593,120170355,/world,0.4879862670898438,0.06264228057861328,0.05032984161376953,-0.008411664803122597,-0.0009813764102235886,0.9710951537339245,0.23854240375424512
1709637593.1458144,530,1709637593,150473356,/world,0.4703455810546875,0.07090022277832031,0.05032373046875,-0.008071333613889023,-0.003630116228958388,0.9728928396968191,0.2310869909451144
1709637593.176226,531,1709637593,180776358,/world,0.45262167358398436,0.0793244400024414,0.05013378524780274,-0.005574609193898431,0.007853383458213105,0.9750819006780207,0.22163604819361288
1709637593.206524,532,1709637593,211079359,/world,0.43482150268554687,0.08685942077636719,0.050227298736572265,-0.005497425173410403,0.0032490584173516103,0.976678826079553,0.21461055206837953
1709637593.246913,533,1709637593,241382360,/world,0.4169651184082031,0.09423792266845703,0.050455650329589846,-0.006109628261773022,0.00223306473404594,0.9782777676096145,0.20719626172800398
1709637593.2670894,534,1709637593,271685362,/world,0.39918353271484375,0.10167377471923827,0.050809429168701174,-0.00705727009978587,0.00576736739492974,0.9800510580644024,0.19853679537553517
1709637593.2973146,535,1709637593,301988363,/world,0.3811281433105469,0.10851329040527344,0.05067778015136719,-0.007753732037646175,0.004465443862613035,0.9816736515559822,0.1903596110980782
1709637593.3377228,536,1709637593,332292318,/world,0.36260562133789065,0.11496255493164062,0.05058834457397461,-0.009008503915279983,0.004986668447133026,0.983533226859877,0.18043387562701824
1709637593.3579717,537,1709637593,362595320,/world,0.34386495971679687,0.12132279205322266,0.05046683883666992,-0.010036208442102694,-0.0013190454589591832,0.98509054063138,0.17173865123451468
1709637593.3882592,538,1709637593,392898321,/world,0.32510113525390627,0.12707396697998047,0.05045149993896485,-0.009116634386954585,0.0004356145555656348,0.9867795685352936,0.16181094175896546
1709637593.4185238,539,1709637593,423201323,/world,0.3064393920898438,0.13245628356933595,0.050542049407958985,-0.011264008804490928,-0.001592511028447032,0.9881951516986555,0.15277737012735904
1709637593.4488232,540,1709637593,453504324,/world,0.2876687316894531,0.13776815795898437,0.050329235076904295,-0.01160663363379251,0.00018637891566174175,0.9896387419330144,0.14310978878509145
1709637593.4790814,541,1709637593,483807325,/world,0.2683053894042969,0.14227053833007813,0.050367931365966796,-0.011193574783350082,-0.0034578357249020644,0.990990321971952,0.13342014285784093
1709637593.5094426,542,1709637593,514110327,/world,0.24900633239746095,0.14639291381835937,0.05021442794799805,-0.008957494363667077,0.0014595592356202913,0.9925111182788777,0.12181667909670552
1709637593.5396824,543,1709637593,544413328,/world,0.22950469970703125,0.1502059326171875,0.050083946228027344,-0.01061487509057798,-0.0024443611346724684,0.9940554914014558,0.10832835129779819
1709637593.5699413,544,1709637593,574716330,/world,0.21005656433105468,0.15311589050292967,0.049931873321533204,-0.00951193455609288,0.0001175992068911914,0.9952715902739172,0.09666421360930538
1709637593.6001968,545,1709637593,605019331,/world,0.19045777893066407,0.15565687561035157,0.04961214828491211,-0.008631473972053544,0.0028728858836055927,0.9963906238437882,0.08439772071815935
1709637593.6305258,546,1709637593,635322332,/world,0.1707084197998047,0.15787841796875,0.049678428649902344,-0.008805765695079492,0.002687673179391246,0.9973591639232895,0.07204120449814598
1709637593.6616728,547,1709637593,665625334,/world,0.1504236297607422,0.15946896362304688,0.04960767364501953,-0.00894228926255453,0.002177734467886687,0.9982924933642997,0.05768356311383437
1709637593.691967,548,1709637593,695928335,/world,0.13038162231445313,0.16069552612304688,0.04926927185058594,-0.006724627773034141,0.00607608458048297,0.9990583993531075,0.04242842706574152
1709637593.7222397,549,1709637593,726231337,/world,0.1105370101928711,0.16112991333007812,0.04938238906860352,-0.007813579160974735,0.0044215255119689195,0.9995142010022953,0.029845588967909127
1709637593.7524989,550,1709637593,756534338,/world,0.09063076782226563,0.16105628967285157,0.049329421997070313,-0.007347352252804397,0.0005211334183739802,0.9998251195818099,0.01718926684835704
1709637593.7827444,551,1709637593,786837339,/world,0.0706314697265625,0.16062046813964845,0.04912942886352539,-0.008245637874460114,-0.000957328843341517,0.9999562045282296,0.004321972831060107
1709637593.8129735,552,1709637593,817140341,/world,0.050526580810546874,0.15943540954589844,0.0491132698059082,-0.00863874738317712,0.00048082987827077333,0.9999140911155493,-0.009846357877426519
1709637593.8432086,553,1709637593,847443342,/world,0.030319749832153322,0.1577203369140625,0.04880101013183594,-0.009896674954983233,-0.00060571543543425,0.999626186657309,-0.025479001679211105
1709637593.8735566,554,1709637593,877746344,/world,0.010255948066711425,0.15532081604003906,0.04887643432617188,-0.010441815941109087,-0.004762217471557071,0.9990844484196735,-0.041213633234194434
1709637593.9038723,555,1709637593,908049345,/world,-0.009923892974853516,0.1522303466796875,0.04907740020751953,-0.011174150457110241,-0.007594065927569072,0.9983280181557528,-0.05620166617387725
1709637593.934119,556,1709637593,938352346,/world,-0.029567455291748045,0.14873904418945313,0.049066280364990236,-0.009463748027577563,-0.010566476516505701,0.9974378530483887,-0.07011780888406444
1709637593.9643695,557,1709637593,968655348,/world,-0.04897531509399414,0.14453488159179687,0.04900674819946289,-0.007840728497585889,-0.014218183829341877,0.9962575216858963,-0.08489589240870972
1709637593.9946225,558,1709637593,998958349,/world,-0.06856326293945313,0.13975703430175782,0.04869733428955078,-0.005973437841854686,-0.011958031424645934,0.995042268368035,-0.09855060351428106
1709637594.0248928,559,1709637594,29261351,/world,-0.08804666900634765,0.1345121307373047,0.048676937103271485,-0.007212934911454592,-0.01398951684642188,0.9935277612365915,-0.11249376173203929
1709637594.0551825,560,1709637594,59564352,/world,-0.10744457244873047,0.12861015319824218,0.04889992141723633,-0.008294426573885209,-0.019817267070567295,0.9916178577429877,-0.12740685643188157
1709637594.0854728,561,1709637594,89867353,/world,-0.12685556030273437,0.12235682678222656,0.049278804779052734,-0.009133600664868449,-0.03367549563442238,0.9888628428192503,-0.14468182595443896
1709637594.1157446,562,1709637594,120170355,/world,-0.14515089416503907,0.11546070098876954,0.04841601943969726,-0.0070393516712180014,-0.014319872318650681,0.9876436506281535,-0.15590195518840008
1709637594.145997,563,1709637594,150473356,/world,-0.16412782287597658,0.10789387512207031,0.048805545806884766,-0.008848324503674338,-0.024614728620182245,0.9848884726817002,-0.17120314529530542
1709637594.1762655,564,1709637594,180776358,/world,-0.182299072265625,0.09999762725830078,0.04804763412475586,-0.009052790281607393,-0.007778880347600808,0.9827730601513295,-0.18443063854635133
1709637594.2065165,565,1709637594,211079359,/world,-0.20045887756347655,0.09126813507080078,0.04805131912231445,-0.00830599939400897,-0.013372223625941494,0.9798868968103702,-0.1989318010369432
1709637594.236762,566,1709637594,241382360,/world,-0.21832664489746093,0.08221167755126953,0.04817897033691406,-0.008491247392529887,-0.009058506765903768,0.9772622081304381,-0.2116705424079587
1709637594.2670147,567,1709637594,271685362,/world,-0.23572698974609374,0.07250029754638672,0.047681766510009764,-0.007374717583557315,-0.0057101432802374045,0.9742440664738647,-0.22530313626464996
1709637594.297356,568,1709637594,301988363,/world,-0.2526790008544922,0.06294168090820312,0.04824031066894531,7.289050873314725e-07,-0.006876192032251873,0.9712921366517331,-0.23779043804254688
1709637594.3276184,569,1709637594,332292318,/world,-0.269595458984375,0.05261009216308594,0.04772858810424805,0.0006788901071996335,-0.007173015316792696,0.9678570338846385,-0.2513978058327212
1709637594.3578937,570,1709637594,362595320,/world,-0.28615008544921877,0.04182988739013672,0.048044048309326175,0.001599758417233405,-0.003804216696282296,0.9647997564255192,-0.26295326530037333
1709637594.3881383,571,1709637594,392898321,/world,-0.30260076904296873,0.030685354232788085,0.04807792282104492,0.00045328058070550855,-0.003320978209091796,0.9614285710702604,-0.2750342948083671
1709637594.41842,572,1709637594,423201323,/world,-0.31856756591796875,0.019209667205810545,0.04831300735473633,0.003121347008591282,-0.005724473499220937,0.9572586334404073,-0.2891598227639979
1709637594.4487102,573,1709637594,453504324,/world,-0.33420513916015626,0.006973385810852051,0.047888202667236326,0.0003517646911014355,-0.0098133049619907,0.9527601262827939,-0.3035650280249712
1709637594.4790282,574,1709637594,483807325,/world,-0.349520263671875,-0.0055551533699035646,0.04830745315551758,-0.0005506020944562377,-0.008144896957079055,0.9480414605349544,-0.3180420551105993
1709637594.509259,575,1709637594,514110327,/world,-0.3640460510253906,-0.018491193771362303,0.048039222717285154,5.138627193766386e-05,-0.0038340674961232337,0.9430109964308049,-0.332739475995976
1709637594.5395648,576,1709637594,544413328,/world,-0.37843637084960935,-0.03196259880065918,0.04867793655395508,0.0011656395432093052,-0.013236821355961556,0.9371185400873618,-0.34875817266349146
1709637594.5698428,577,1709637594,574716330,/world,-0.3919993896484375,-0.04587992095947266,0.048769439697265625,-7.193845419688547e-05,-0.012076740229808097,0.9311581047852066,-0.36441560311607535
1709637594.6001112,578,1709637594,605019331,/world,-0.40516119384765625,-0.06001962661743164,0.04893301010131836,0.0006462606925114613,-0.012430598107798427,0.9249587852085356,-0.37986353694002717
1709637594.6303663,579,1709637594,635322332,/world,-0.41741351318359377,-0.07472749328613282,0.04873855972290039,0.0010102877779654949,-0.012872783649698469,0.919186770168001,-0.39361014389031923
1709637594.6607006,580,1709637594,665625334,/world,-0.42973483276367186,-0.08986942291259765,0.048383434295654296,0.0029381679845176837,-0.017961840556998517,0.9136936796733365,-0.4059957984849926
1709637594.6909542,581,1709637594,695928335,/world,-0.4416062316894531,-0.10516868591308594,0.04835592269897461,0.002909262107771406,-0.017851637635978704,0.9085653751629836,-0.4173509678303151
1709637594.7212498,582,1709637594,726231337,/world,-0.45326052856445315,-0.12086669921875,0.048414031982421876,7.913395244263498e-05,-0.01794311167193356,0.9038456064782928,-0.42748234010316244
1709637594.751495,583,1709637594,756534338,/world,-0.4646116027832031,-0.1366922607421875,0.04855713653564453,0.0008411107963494825,-0.018985682919315072,0.89807254178809,-0.43943661650440624
1709637594.7817883,584,1709637594,786837339,/world,-0.47533248901367187,-0.15278123474121094,0.04831704711914062,0.0004557200571971171,-0.01931409586056374,0.8925037311294313,-0.45062606018971524
1709637594.8120477,585,1709637594,817140341,/world,-0.485869140625,-0.16921876525878907,0.04812378311157227,-0.0019069282388119526,-0.017824260923632585,0.8864351230695172,-0.46250559729604007
1709637594.8423088,586,1709637594,847443342,/world,-0.4960682983398437,-0.18585017395019532,0.04769872665405273,-0.004250916340968391,-0.014972891060621534,0.8798034750747947,-0.47508272696586284
1709637594.8725626,587,1709637594,877746344,/world,-0.505591796875,-0.20298422241210937,0.04741535186767578,-0.0032712309597793775,-0.014041513322224385,0.8733425962312396,-0.48689304763634883
1709637594.9027987,588,1709637594,908049345,/world,-0.5148594360351563,-0.22035295104980468,0.047302299499511716,-0.005029993106515926,-0.012906440804706692,0.8662449121532227,-0.49942755121778826
1709637594.9330544,589,1709637594,938352346,/world,-0.5234075927734375,-0.23809286499023438,0.047425811767578124,0.008435076189138198,0.00676548479736335,-0.8576908886779697,0.514051949471034
1709637594.9633408,590,1709637594,968655348,/world,-0.5311307373046875,-0.2560431518554688,0.04690533065795898,0.0073996269785480155,0.01103955067582144,-0.8496013984320966,0.5272578840638492
1709637594.9935524,591,1709637594,998958349,/world,-0.53845654296875,-0.27391656494140626,0.04682650375366211,0.010592148075444634,0.002742735150320792,-0.8405743626320004,0.5415856426112692
1709637595.0239038,592,1709637595,29261351,/world,-0.5448905029296875,-0.292530517578125,0.04622930526733399,0.006111699670528764,0.00793113756167734,-0.8332555083843697,0.5527974150062066
1709637595.0541878,593,1709637595,59564352,/world,-0.5509996337890625,-0.31123895263671875,0.045861797332763674,0.011776098749789908,-0.0009854751877862488,-0.8241713212251657,0.566217272572706
1709637595.0844848,594,1709637595,89867353,/world,-0.5564337158203125,-0.3302190856933594,0.04549684524536133,0.008010885605776313,0.002224928538018447,-0.815382128493383,0.5788634069447877
1709637595.114733,595,1709637595,120170355,/world,-0.5611559448242187,-0.34928939819335936,0.04525807571411133,0.00850934826516382,0.00240262102755419,-0.8059452668122508,0.5919240430918024
1709637595.1450706,596,1709637595,150473356,/world,-0.5651993408203125,-0.3684401550292969,0.04482378387451172,0.010490644753435302,-0.0003548728654175428,-0.7954990522231818,0.6058639159730286
1709637595.1753755,597,1709637595,180776358,/world,-0.5683470458984375,-0.3876944885253906,0.0446992416381836,0.008908249274078113,-7.777098973961674e-05,-0.785198299758902,0.6191803230531225
1709637595.205771,598,1709637595,211079359,/world,-0.5708021240234376,-0.40745785522460937,0.04423990249633789,0.009451142268331335,0.003362052366542388,-0.7735592112761412,0.6336446136068001
1709637595.2361112,599,1709637595,241382360,/world,-0.57251025390625,-0.42703598022460937,0.04398407745361328,0.010489696855115006,-0.0013199729427198143,-0.7619172030123686,0.6475881419935569
1709637595.2663608,600,1709637595,271685362,/world,-0.5737166137695312,-0.446635986328125,0.04375865936279297,0.011454461555075972,-0.002657204647297224,-0.7501606680292712,0.6611510377115813
1709637595.2967248,601,1709637595,301988363,/world,-0.5740977783203125,-0.4662534484863281,0.043397010803222655,0.01189490917708975,-0.003191787102565947,-0.7379520863659307,0.6747407234228394
1709637595.3270214,602,1709637595,332292318,/world,-0.5737342529296875,-0.48582107543945313,0.042935543060302735,0.014009625562554305,-0.004620657385139694,-0.725283386354567,0.6882923684699741
1709637595.3572693,603,1709637595,362595320,/world,-0.572350341796875,-0.505565673828125,0.04252480697631836,0.012555426889830763,0.0013855666304506105,-0.7126274345912995,0.7014289526803564
1709637595.3875906,604,1709637595,392898321,/world,-0.5703442993164063,-0.5250668334960937,0.04268308639526367,0.007750627386852048,0.0021853882262988966,-0.7003850834883144,0.7137197402245057
1709637595.4178474,605,1709637595,423201323,/world,-0.5676130981445312,-0.544162109375,0.04281632614135742,0.006274109166104438,-0.002522389724251214,-0.686099307001462,0.727476466769556
1709637595.448199,606,1709637595,453504324,/world,-0.5643912353515625,-0.563343505859375,0.0426224250793457,0.006862241252098692,-0.00237606580680288,-0.6721296604022581,0.7403978441556047
1709637595.4797382,607,1709637595,483807325,/world,-0.5605825805664062,-0.5822664184570312,0.042048622131347656,0.009987571779702626,-0.0047941113397376245,-0.6583987539814927,0.7525877615296737
1709637595.5100734,608,1709637595,514110327,/world,-0.5559960327148438,-0.6011941528320313,0.04191902160644531,0.009215850392716773,-0.003413645141247043,-0.6442716978879559,0.7647335472826532
1709637595.5403595,609,1709637595,544413328,/world,-0.5503086547851562,-0.6198998413085938,0.04188973236083984,0.007370068439806966,0.00057818003729056,-0.6313985085830421,0.7754232846547674
1709637595.5705209,610,1709637595,574716330,/world,-0.5442986450195313,-0.6386950073242188,0.04157308578491211,0.010486473948187105,0.002594531049676001,-0.6191087475889925,0.7852309509345394
1709637595.600774,611,1709637595,605019331,/world,-0.5376260375976563,-0.6571195678710937,0.04160135650634766,0.008493928718177786,0.006078786840694324,-0.6062376472627872,0.795214943439
1709637595.6310675,612,1709637595,635322332,/world,-0.5307592163085938,-0.675259033203125,0.04130145263671875,0.010905763568378657,0.002431329513269795,-0.5922148729530697,0.8057026108276183
1709637595.661339,613,1709637595,665625334,/world,-0.5233583374023437,-0.6929456787109375,0.04103165054321289,0.012969508217493349,-0.0017758925625099512,-0.5767207270808703,0.8168364855932426
1709637595.6916103,614,1709637595,695928335,/world,-0.5148983154296874,-0.7102991943359375,0.041147239685058595,0.014268945045230148,0.0009472349097642104,-0.563655589516447,0.8258861245981881
1709637595.7218099,615,1709637595,726231337,/world,-0.50591015625,-0.7275339965820312,0.04032949829101563,0.022914345113190134,-0.009823875835726642,-0.5487688979402062,0.8356022474462553
1709637595.7520192,616,1709637595,756534338,/world,-0.4962980041503906,-0.7443184204101563,0.04005821228027344,0.01802698077887765,-0.009379650231982891,-0.5346586385784006,0.8448237721511777
1709637595.782289,617,1709637595,786837339,/world,-0.48587966918945313,-0.7608377685546875,0.040056846618652345,0.02820437083859565,-0.011748044127281903,-0.5183807690051977,0.8546039268458784
1709637595.81248,618,1709637595,817140341,/world,-0.47506494140625,-0.7769112548828125,0.03978489303588867,0.029583109387498165,-0.01454399750056393,-0.5029933934237322,0.8636613759783381
1709637595.842707,619,1709637595,847443342,/world,-0.46375335693359376,-0.792451416015625,0.03969053268432617,0.030533872770731014,-0.012059081737527714,-0.4873100308654671,0.8726117118459759
1709637595.8729148,620,1709637595,877746344,/world,-0.4517300415039063,-0.8076171875,0.039484996795654294,0.03059990907079016,-0.011020120072140809,-0.47065767130190606,0.8817162585658462
1709637595.9031801,621,1709637595,908049345,/world,-0.43926406860351563,-0.8224625244140625,0.03936958312988281,0.03059332066707398,-0.010295191284352051,-0.45359832711093434,0.8906214780905171
1709637595.9334192,622,1709637595,938352346,/world,-0.4261038818359375,-0.8365444946289062,0.03932362365722656,0.03135652657330572,-0.010287354993627963,-0.43688087768726613,0.8989138128425656
1709637595.9636421,623,1709637595,968655348,/world,-0.41242385864257813,-0.8503414916992188,0.03899041366577148,0.033579436414629675,-0.010248399096630388,-0.41828888429947036,0.9076352877173717
1709637595.993871,624,1709637595,998958349,/world,-0.398217041015625,-0.8631868286132812,0.038829124450683594,0.0324377018221227,-0.01060090606832829,-0.4001882838076319,0.9157973316097311
1709637596.024128,625,1709637596,29261351,/world,-0.38369790649414065,-0.8754541015625,0.0386864013671875,0.031654176709050234,-0.009938032267510886,-0.3834613030183263,0.9229608218793953
1709637596.0543983,626,1709637596,59564352,/world,-0.3688345031738281,-0.8874249877929687,0.038682865142822265,0.03245057362778271,-0.01034626645385979,-0.3663152468615481,0.9298672221879345
1709637596.0846686,627,1709637596,89867353,/world,-0.35343853759765625,-0.8988424072265625,0.03852360534667969,0.03209798453599128,-0.008810279055656322,-0.34869737177633187,0.9366441396312746
1709637596.11495,628,1709637596,120170355,/world,-0.3375460205078125,-0.9096156005859375,0.038486797332763674,0.029953784666229045,-0.008791805737715624,-0.33220647993434155,0.9426899384799197
1709637596.1451578,629,1709637596,150473356,/world,-0.32140048217773437,-0.9200530395507812,0.03832786560058594,0.028140160439517052,-0.006475113800462509,-0.31463585284852835,0.9487731421391112
1709637596.1754324,630,1709637596,180776358,/world,-0.3048968200683594,-0.9295875854492187,0.038363319396972656,0.021021781278354277,-0.0028636103991100223,-0.2967836157269486,0.9547090499868136
1709637596.2056704,631,1709637596,211079359,/world,-0.28820928955078123,-0.93846875,0.03861563873291016,0.023607154443858167,-0.0021440868048101377,-0.27901849880603297,0.9599931154649958
1709637596.235932,632,1709637596,241382360,/world,-0.2711366882324219,-0.9469940795898437,0.03821041488647461,0.0251274158896461,-0.0032924911374627277,-0.26009142123952556,0.965251373178394
1709637596.2662268,633,1709637596,271685362,/world,-0.2536570434570313,-0.9547896728515625,0.03835596466064453,0.024496716974398827,-0.00032523857439441,-0.24176502897188595,0.9700255072450028
1709637596.296514,634,1709637596,301988363,/world,-0.23592543029785157,-0.9618992309570312,0.03805463790893555,0.02615936581799233,-0.001711329340678491,-0.22315994799125566,0.9744292648943206
1709637596.3268073,635,1709637596,332292318,/world,-0.21786940002441407,-0.968185791015625,0.0381705436706543,0.026544235330780555,0.0002596505554424434,-0.20389131531767665,0.9786335689404868
1709637596.35708,636,1709637596,362595320,/world,-0.1996190948486328,-0.9736773071289062,0.038118183135986326,0.023107806773503773,0.0016988816497568034,-0.18545249088851495,0.9823800261971168
1709637596.3873737,637,1709637596,392898321,/world,-0.18132455444335938,-0.9785332641601563,0.03782467269897461,0.02599576636399786,0.000529483564474792,-0.16579038708709368,0.9858181758802592
1709637596.4181626,638,1709637596,423201323,/world,-0.16284649658203126,-0.9827424926757813,0.037773582458496095,0.02567789264508563,-0.0006036416009215209,-0.14722621939918093,0.9887693051938399
1709637596.4484148,639,1709637596,453504324,/world,-0.14412815856933595,-0.98624755859375,0.03770700073242188,0.029582107323206867,-0.00039064179022072447,-0.12931089119701494,0.9911626719482545
1709637596.4792402,640,1709637596,483807325,/world,-0.1252254409790039,-0.9891962890625,0.037373668670654295,0.026923275278146676,-0.0008965797213481669,-0.10985095326809184,0.9935829681996883
1709637596.5095577,641,1709637596,514110327,/world,-0.10610901641845703,-0.9911839599609376,0.037381671905517576,0.016786674450305687,0.003989121653715534,-0.0915641509376121,0.9956496875740993
1709637596.5398536,642,1709637596,544413328,/world,-0.08719347381591797,-0.9925889892578125,0.037284961700439455,0.020860812968070637,0.003968904051454251,-0.07292054876673673,0.9971116568337436
1709637596.5701141,643,1709637596,574716330,/world,-0.06828372192382813,-0.9933959350585938,0.03720518112182617,0.01197573741815212,0.004140389049942613,-0.0539270274584624,0.9984644708587395
1709637596.6003928,644,1709637596,605019331,/world,-0.04912188720703125,-0.9932167358398437,0.036710765838623045,0.022297388149274358,0.0037861394886448555,-0.03567418827702443,0.9991075288315758
1709637596.630674,645,1709637596,635322332,/world,-0.030048038482666014,-0.99254833984375,0.03667443084716797,0.025801142800634443,0.0036831152987836517,-0.01553750389278905,0.999539552421252
1709637596.6610312,646,1709637596,665625334,/world,-0.0113564453125,-0.9912238159179687,0.03719728088378906,0.026813570948516864,0.000832318312866744,0.0028615514826005745,0.9996360101464365
1709637596.69131,647,1709637596,695928335,/world,0.007498857498168946,-0.9889102172851563,0.03743478012084961,0.016948268431971385,0.0029047763941585417,0.021634723640448245,0.9996180550010941
1709637596.721635,648,1709637596,726231337,/world,0.026145204544067383,-0.9861861572265626,0.03731615447998047,0.017744853675991382,0.0024261169679820494,0.041759864324346294,0.998967136500728
1709637596.7519429,649,1709637596,756534338,/world,0.04462356185913086,-0.9825423583984375,0.03683450698852539,0.027129119422758443,0.002050454256426057,0.061287393330639116,0.9977492991812741
1709637596.7827406,650,1709637596,786837339,/world,0.06276200866699219,-0.9782801513671875,0.03750896453857422,0.008975506035079938,0.005194480072253824,0.08057280793601312,0.9966947724465802
1709637596.8130224,651,1709637596,817140341,/world,0.08114964294433594,-0.9735490112304688,0.03771083068847656,0.008606653005136713,0.007827462791939396,0.1000589667578108,0.9949134940134011
1709637596.843279,652,1709637596,847443342,/world,0.09928486633300782,-0.9678207397460937,0.03804844284057617,0.00564233091862762,0.01030812311008036,0.1181480606832129,0.9929264500790049
1709637596.8735185,653,1709637596,877746344,/world,0.1171219711303711,-0.9612936401367187,0.03815011596679688,0.0069514894189972014,0.012243325633258808,0.13698777651557384,0.9904726783781655
1709637596.9037898,654,1709637596,908049345,/world,0.1344952697753906,-0.954466552734375,0.03817642593383789,0.008325289169591276,0.011893335320591973,0.15729495278979458,0.9874449572735207
1709637596.9340098,655,1709637596,938352346,/world,0.15153581237792968,-0.9466320190429688,0.037865955352783205,0.011889547720854715,0.010164891209964189,0.17579093956385466,0.9843032371762886
1709637596.9642491,656,1709637596,968655348,/world,0.16830940246582032,-0.9381490478515625,0.03782228469848633,0.014205656166174984,0.010174566041946448,0.19691946068192753,0.9802639431977234
1709637596.994561,657,1709637596,998958349,/world,0.18473843383789063,-0.928864501953125,0.03776827621459961,0.014408866921563743,0.00871112371972677,0.21766803498609266,0.9758776208645209
1709637597.0248551,658,1709637597,29261351,/world,0.20059104919433593,-0.9188468627929688,0.03813765716552735,0.013578695557240585,0.009873132957846819,0.23797457369780572,0.9711262722814766
1709637597.055233,659,1709637597,59564352,/world,0.2160455780029297,-0.9081489868164062,0.03825832748413086,0.014889761060570278,0.009663929449907242,0.2579041935243136,0.9660074189697907
1709637597.0855694,660,1709637597,89867353,/world,0.230952880859375,-0.8969327392578125,0.03825575256347656,0.016042631785431034,0.006472668663049377,0.2808124251283164,0.9596067533866404
1709637597.1158319,661,1709637597,120170355,/world,0.2452632293701172,-0.8852686157226562,0.03849514389038086,0.012685342289081167,0.007877209951489182,0.30046002516729936,0.9536775097602785
1709637597.1460826,662,1709637597,150473356,/world,0.25910455322265624,-0.872955322265625,0.03849509048461914,0.011477340982735517,0.005120423318198067,0.3186266780544662,0.9477969694893278
1709637597.1763809,663,1709637597,180776358,/world,0.2722169494628906,-0.8599765625,0.03901277160644531,0.007599117320808742,0.0038137698488503696,0.33980804068826415,0.9404563781183101
1709637597.2066977,664,1709637597,211079359,/world,0.28487539672851564,-0.8464557495117188,0.03903231048583984,0.009398400571776563,0.0034219543351926354,0.3569330054948171,0.934076431823953
1709637597.2371604,665,1709637597,241382360,/world,0.297155029296875,-0.832668212890625,0.039437854766845706,0.006998556028737775,0.0015173942015331515,0.3766479690112782,0.9263287868659863
1709637597.2674725,666,1709637597,271685362,/world,0.3086644287109375,-0.8184176635742187,0.03986215591430664,0.003933333035397027,0.001875922263845139,0.39553643967582364,0.9184399470880441
1709637597.2977529,667,1709637597,301988363,/world,0.31958465576171874,-0.8038214721679687,0.04010696029663086,0.004913100359364082,0.0030101066450055895,0.4139613575708025,0.9102762167784675
1709637597.328018,668,1709637597,332292318,/world,0.3300106811523438,-0.7887322998046875,0.04012007904052734,0.006446104619198254,0.002352288611905635,0.43232800648483904,0.9016903001590159
1709637597.3582273,669,1709637597,362595320,/world,0.33956246948242186,-0.7730970458984375,0.04066067504882812,0.002671516918035118,0.0013353431659353817,0.4499284471766084,0.8930596152704915
1709637597.3885195,670,1709637597,392898321,/world,0.3485646057128906,-0.7572799072265625,0.041068988800048827,0.0007254230070330566,2.9664347058831366e-05,0.46748007961054217,0.8840033002809049
1709637597.4189076,671,1709637597,423201323,/world,0.35699551391601564,-0.7410845947265625,0.04132147216796875,0.000964896157110342,-0.00024480713392366495,0.48602067020766637,0.8739467480649016
1709637597.4491746,672,1709637597,453504324,/world,0.3647283935546875,-0.7245596313476562,0.04151498794555664,0.0012599481497628255,-0.0020560473969718205,0.502846116025677,0.8643725863179609
1709637597.479436,673,1709637597,483807325,/world,0.3718401794433594,-0.7080405883789063,0.04193287658691406,-0.0012639563691666503,-0.0011966545644376482,0.5203839486661656,0.853930623403805
1709637597.5097668,674,1709637597,514110327,/world,0.3781800842285156,-0.6910487670898438,0.042118812561035154,-0.0027899133452189443,-0.002269386041322686,0.5361783950764861,0.844097030763767
1709637597.5400622,675,1709637597,544413328,/world,0.3837618408203125,-0.67373486328125,0.042464431762695314,0.0009689392536836617,0.0011950030625851684,0.5520487688057791,0.8338104039791987
1709637597.570976,676,1709637597,574716330,/world,0.3888850708007813,-0.65615478515625,0.04253226089477539,-0.00019657763120178412,-7.467758056034636e-05,0.5690121140874885,0.8223291041863743
1709637597.6013181,677,1709637597,605019331,/world,0.3928827819824219,-0.6385075073242188,0.04257000350952148,-0.0036575024553828915,-0.001166136176117759,0.5853177944625177,0.8107948843000192
1709637597.6315925,678,1709637597,635322332,/world,0.396724853515625,-0.62067333984375,0.04276565170288086,-0.004469902083739956,0.0010392548361240598,0.6024169725509761,0.7981683529391398
1709637597.6619458,679,1709637597,665625334,/world,0.39982757568359373,-0.603270751953125,0.043082401275634764,-0.004063852609702825,0.0011380506137586952,0.6178336820687447,0.7862974859219796
1709637597.692193,680,1709637597,695928335,/world,0.40209478759765627,-0.5852908325195313,0.04324043273925781,-0.004809784163749422,0.001407474825394298,0.6336454507164819,0.7736073389364212
1709637597.7224493,681,1709637597,726231337,/world,0.40336407470703123,-0.5675765991210937,0.04376564025878906,-0.007585122505687097,-0.0013892025236946477,0.6485197066493414,0.7611588131773388
1709637597.752874,682,1709637597,756534338,/world,0.40431723022460936,-0.54990234375,0.04381631469726562,-0.009791561278786099,-0.002626934102189344,0.6628122815681042,0.7487169581217126
1709637597.7831235,683,1709637597,786837339,/world,0.4042036437988281,-0.532193115234375,0.04408679962158203,-0.010278276245405718,-0.004967235677287841,0.6772593444681507,0.7356558103214527
1709637597.8137045,684,1709637597,817140341,/world,0.4035433044433594,-0.5147431030273437,0.04403072357177734,-0.009420424638819723,-0.0090947849373239,0.6915779830114613,0.7221830977737358
1709637597.8440206,685,1709637597,847443342,/world,0.40253610229492187,-0.4971261901855469,0.04424618911743164,-0.008939659373575402,-0.0045893840979515455,0.706147679987664,0.7079932645832268
1709637597.8743315,686,1709637597,877746344,/world,0.4005727233886719,-0.4797063903808594,0.04459087371826172,-0.015289582483276744,-0.00938522941750967,0.719995792507807,0.6937464882572749
1709637597.9046443,687,1709637597,908049345,/world,0.3977814636230469,-0.46236199951171875,0.045011264801025394,-0.016473482255845495,-0.008757783865384755,0.7333200117380713,0.6796276214137554
1709637597.9350464,688,1709637597,938352346,/world,0.3940364990234375,-0.44567901611328126,0.04435107803344727,0.0029055186557281148,0.0030052867853061957,0.744138303251395,0.6680125255629253
1709637597.9652982,689,1709637597,968655348,/world,0.3900388488769531,-0.42868280029296874,0.04442948913574219,0.004905567216914598,0.008612662301756537,0.7569298481919389,0.6534209808202649
1709637597.9955869,690,1709637597,998958349,/world,0.38527023315429687,-0.4119035034179688,0.04438317489624023,0.0038882911114867104,0.005734402366970521,0.768763062928566,0.6394961867517025
1709637598.025886,691,1709637598,29261351,/world,0.38012713623046873,-0.39547445678710935,0.044445716857910156,0.006536738506251847,0.007578237441475262,0.7807707990036852,0.6247373714596031
1709637598.0562534,692,1709637598,59564352,/world,0.3741878356933594,-0.3793351135253906,0.044888916015625,0.003366541181314554,0.007571825870653299,0.7930564719421014,0.6090917601488054
1709637598.0865211,693,1709637598,89867353,/world,0.36757644653320315,-0.36343365478515627,0.044878028869628904,0.00490528051331737,0.008936837311907246,0.8037370941452722,0.5948972597997368
1709637598.1169515,694,1709637598,120170355,/world,0.36059744262695315,-0.34762518310546875,0.045025501251220706,0.0045198663564998956,0.008321347546543926,0.8155851142082693,0.5785596347839677
1709637598.1472251,695,1709637598,150473356,/world,0.35278619384765625,-0.33210455322265625,0.04516990661621094,0.0031232517110191733,0.008909267344479757,0.8265467923696161,0.5627888361792194
1709637598.17748,696,1709637598,180776358,/world,0.34447528076171874,-0.3167809143066406,0.045193923950195315,0.002872111669337466,0.010565526716844183,0.8368440965750663,0.5473317827184568
1709637598.2077947,697,1709637598,211079359,/world,0.3356886291503906,-0.3020726318359375,0.04526420593261719,0.004419121016253403,0.010776195363628676,0.8471748125918999,0.5311865908983797
1709637598.2381096,698,1709637598,241382360,/world,0.32607421875,-0.2878483581542969,0.04554133224487305,0.0052025007855242816,0.011837450248315376,0.8576032825568555,0.5141492373329604
1709637598.2683961,699,1709637598,271685362,/world,0.3164081115722656,-0.273978515625,0.045597545623779295,0.003182375038809023,0.008285573595070397,0.8665947305798197,0.4989336653412231
1709637598.2986605,700,1709637598,301988363,/world,0.3058052673339844,-0.2602398376464844,0.04576769638061524,0.004326469561316931,0.012454715547196021,0.8766414708758193,0.4809635091597241
1709637598.3289287,701,1709637598,332292318,/world,0.2948487854003906,-0.24709324645996095,0.045723106384277346,0.0058322695466232555,0.017005653003759693,0.8857685745497806,0.4637788436222589
1709637598.3593128,702,1709637598,362595320,/world,0.28310638427734375,-0.2341739044189453,0.04583724594116211,0.004584924810834081,0.01436028328619598,0.894161572758853,0.44749061925284
1709637598.3895996,703,1709637598,392898321,/world,0.271325927734375,-0.22180641174316407,0.04594877243041992,0.004636959640929452,0.01864901665516537,0.9030538382427998,0.4290972810369726
1709637598.4198656,704,1709637598,423201323,/world,0.2585629577636719,-0.20996833801269532,0.04596630096435547,0.0024161707241810537,0.015674868860466137,0.9111707624278014,0.4117235783853661
1709637598.450191,705,1709637598,453504324,/world,0.24577017211914062,-0.198907470703125,0.04628342437744141,0.001981466529335487,0.015555086726620235,0.9187440884977363,0.39454203106800384
1709637598.4804726,706,1709637598,483807325,/world,0.2322923889160156,-0.18817091369628905,0.04614524078369141,0.006108567589675247,0.02044519455177696,0.9254250947934033,0.37832933762811805
1709637598.511161,707,1709637598,514110327,/world,0.21871200561523438,-0.17781358337402345,0.04646793746948242,0.00443691887130499,0.02024288614375032,0.932912721793106,0.3595057771287161
1709637598.5413926,708,1709637598,544413328,/world,0.20461253356933592,-0.1680713348388672,0.046491180419921875,0.002669355429740658,0.015392996781334656,0.9401868227323732,0.34030083791057303
1709637598.5716264,709,1709637598,574716330,/world,0.19015007019042968,-0.15860552978515624,0.046669845581054685,0.003277184263528154,0.01687659664058447,0.9470650372050472,0.32058112410296163
1709637598.6018565,710,1709637598,605019331,/world,0.17521136474609375,-0.15003530883789062,0.046845390319824216,0.0003397782673140432,0.012691929192807953,0.9529039095241649,0.30300649653863704
1709637598.6321013,711,1709637598,635322332,/world,0.15999441528320313,-0.14199935913085937,0.04702191925048828,-0.0012133218561994005,0.011635503242686718,0.9585123162784193,0.28481097902253505
1709637598.6622906,712,1709637598,665625334,/world,0.14466433715820312,-0.13467561340332032,0.046963733673095705,-0.0013873938033122436,0.009705863112762165,0.9639136043298326,0.2660346421697807
1709637598.6925645,713,1709637598,695928335,/world,0.1287562713623047,-0.12767783355712892,0.046958072662353516,-0.0017880073813362073,0.011185567297690619,0.9688359191694215,0.2474442259261002
1709637598.722776,714,1709637598,726231337,/world,0.11283133697509766,-0.1213543701171875,0.047056926727294925,-0.0026639408038444594,0.009302516661825232,0.9733083369867161,0.22929728195660543
1709637598.7530289,715,1709637598,756534338,/world,0.09630952453613281,-0.11553640747070312,0.0470338249206543,-0.005711845823002035,0.008643115960790652,0.9777578362497387,0.20948101689860635
1709637598.7832386,716,1709637598,786837339,/world,0.07935482025146484,-0.1110007553100586,0.04677033233642578,-0.008354882019224496,0.007473759533683903,0.9819061412037255,0.18903619453235565
1709637598.81346,717,1709637598,817140341,/world,0.0626641960144043,-0.10668429565429688,0.047129425048828125,-0.011183416685121053,0.003513634002905838,0.9856389272234379,0.1684591682681236
1709637598.8437614,718,1709637598,847443342,/world,0.04583950424194336,-0.10280317687988282,0.046910118103027344,-0.011328449832074603,0.006366638467101896,0.988886651531884,0.1481024010688687
1709637598.8740737,719,1709637598,877746344,/world,0.02874260139465332,-0.09987040710449219,0.046782012939453124,-0.011799004083339643,0.008862047866830198,0.9915880134322571,0.12859022028580439
1709637598.9046917,720,1709637598,908049345,/world,0.011245353698730469,-0.09758055114746093,0.046791866302490236,-0.009221168301334256,0.009771084956424864,0.9942867194189333,0.10589342992524771
1709637598.9350054,721,1709637598,938352346,/world,-0.006089834213256836,-0.09578242492675781,0.04657270812988281,-0.01290172202498456,0.004886905762390348,0.9960695824776726,0.0874930460467094
1709637598.9653056,722,1709637598,968655348,/world,-0.02349825859069824,-0.09486949157714844,0.046700878143310545,-0.014239472722881707,-0.004097159736812519,0.9975496012561983,0.06837571696302848
1709637598.995567,723,1709637598,998958349,/world,-0.040883670806884764,-0.09500936889648437,0.046187530517578124,-0.010221675724083449,-0.009056370891905672,0.9985925634619143,0.05124835270801239
1709637599.0258691,724,1709637599,29261351,/world,-0.05837208557128906,-0.09493244934082032,0.046343292236328125,-0.011359885529411501,-0.0020401532753555633,0.999515132777091,0.028918755004483994
1709637599.0560644,725,1709637599,59564352,/world,-0.07577602386474609,-0.09600418853759765,0.046320262908935546,-0.011581819569507911,-0.005703803315405899,0.9998705303303502,0.009604370380518876
1709637599.086341,726,1709637599,89867353,/world,-0.09306439971923829,-0.0977611083984375,0.04607845687866211,-0.010413306837991774,-0.0031265110538829244,0.9998860070702537,-0.010476511264456489
1709637599.1165993,727,1709637599,120170355,/world,-0.110159423828125,-0.10030601501464843,0.04622752380371094,-0.008482788824086816,-0.007643545697016661,0.9994260586333041,-0.0318931291014142
1709637599.1469123,728,1709637599,150473356,/world,-0.12727773284912108,-0.10361465454101562,0.04623714065551758,-0.008201673106992994,-0.006062395291008368,0.9986798990639456,-0.05034314167190528
1709637599.1771638,729,1709637599,180776358,/world,-0.14425367736816405,-0.10721897888183594,0.046211193084716794,-0.00830278573520313,-0.008174298184053552,0.9974778824698906,-0.07001509152800961
1709637599.207436,730,1709637599,211079359,/world,-0.16094711303710937,-0.11192471313476562,0.04620070648193359,-0.00626005166747069,-0.011037708969724294,0.9958108986571311,-0.09055179280218249
1709637599.2379336,731,1709637599,241382360,/world,-0.17692922973632813,-0.11708834075927735,0.04641067504882813,-0.005826246102874895,-0.013609158617904276,0.9937670892169749,-0.11048898437549491
1709637599.2681842,732,1709637599,271685362,/world,-0.19316017150878906,-0.12262095642089844,0.046509838104248045,-0.0072531755264600385,-0.014350459340997646,0.9914423028930228,-0.1295515689298936
1709637599.2984495,733,1709637599,301988363,/world,-0.20852053833007814,-0.12909471130371095,0.04645730590820313,-0.00636159527739387,-0.005934864114285155,0.9889641916312991,-0.1478990935073891
1709637599.3288383,734,1709637599,332292318,/world,-0.223621337890625,-0.1360900115966797,0.046459972381591795,-0.005482394990952209,-0.0057846342167981665,0.9859791355440284,-0.16667821376424402
1709637599.3591168,735,1709637599,362595320,/world,-0.23824588012695314,-0.14326681518554688,0.0465695915222168,-0.004308726104566253,-0.0014855849162115102,0.9827291413876016,-0.18499371165732192
1709637599.3893337,736,1709637599,392898321,/world,-0.2525974426269531,-0.15097789001464842,0.04669870376586914,-0.0035795159959766403,-0.00278181707826749,0.9790411963460008,-0.20361185753488625
1709637599.4196205,737,1709637599,423201323,/world,-0.26612857055664063,-0.1593732452392578,0.04673731994628906,-0.0035449788292297897,3.86201700965858e-05,0.9752325080304258,-0.22115374621274939
1709637599.449895,738,1709637599,453504324,/world,-0.27957183837890626,-0.16785186767578125,0.046752315521240234,-0.003826346733428646,-0.0014347496535063891,0.9707488081868508,-0.24006259125930846
1709637599.4803505,739,1709637599,483807325,/world,-0.29282785034179687,-0.1767688446044922,0.046704174041748044,-0.005486135812039431,0.0005536602989355936,0.9661835699945976,-0.257796269133148
1709637599.5105906,740,1709637599,514110327,/world,-0.3051842041015625,-0.1863824462890625,0.04689115142822266,-0.004169115743546733,-0.007593668838709923,0.9611833381976969,-0.27577444083883895
1709637599.54084,741,1709637599,544413328,/world,-0.3171694641113281,-0.19647828674316406,0.04678115463256836,-0.005361985866264088,-0.005602248663195332,0.9566809266068234,-0.29103515281951287
1709637599.571161,742,1709637599,574716330,/world,-0.3291549072265625,-0.20675454711914062,0.04663938140869141,-0.0039720493741472705,-0.007787352316697032,0.9517820934859669,-0.30665034332140195
1709637599.6014206,743,1709637599,605019331,/world,-0.3405256652832031,-0.21750338745117187,0.04652565002441406,-0.007914264144448529,-0.005632228035713103,0.9456888820957519,-0.3249279650012995
1709637599.6316683,744,1709637599,635322332,/world,-0.351613525390625,-0.228550048828125,0.046893253326416015,-0.004900679097883033,-0.017064485515712255,0.9395696524126607,-0.341897157230656
1709637599.6619928,745,1709637599,665625334,/world,-0.36195217895507814,-0.23981253051757812,0.04675416946411133,-0.005462838390681639,-0.01590516020058467,0.9327061236252184,-0.36024500522906255
1709637599.6923306,746,1709637599,695928335,/world,-0.3719399108886719,-0.2514907989501953,0.0466935806274414,-0.005056351709655729,-0.014867894782232906,0.9251936242714495,-0.3791703420174283
1709637599.7225885,747,1709637599,726231337,/world,-0.38140585327148435,-0.26360910034179685,0.04676279067993164,-0.00406664567368972,-0.016101860515129608,0.9179811842055977,-0.3962760978735755
1709637599.752883,748,1709637599,756534338,/world,-0.3903531188964844,-0.27601095581054685,0.04665629196166992,-0.006530112041708918,-0.012881832669699942,0.9108442972049201,-0.41249736604602766
1709637599.7832453,749,1709637599,786837339,/world,-0.39876593017578127,-0.28855902099609376,0.04633394241333008,-0.0032634434135365912,-0.012917690137397186,0.9034615236173916,-0.42846209009830394
1709637599.8135166,750,1709637599,817140341,/world,-0.406892578125,-0.3014733581542969,0.046390708923339845,-0.0036646782610708765,-0.012146352525601997,0.8954336121081274,-0.4450142622304255
1709637599.843734,751,1709637599,847443342,/world,-0.41429571533203124,-0.3146352844238281,0.04624796676635742,-0.0008074784322219754,-0.015139377495902688,0.8881914621836132,-0.45922334006778853
1709637599.874008,752,1709637599,877746344,/world,-0.42130044555664065,-0.32787841796875,0.04586473083496094,-0.002074835213687712,-0.013591409060050397,0.8801296704973871,-0.4745342275005542
1709637599.904306,753,1709637599,908049345,/world,-0.427768310546875,-0.34135592651367186,0.045794506072998044,-0.002369976644218336,-0.013124716472183901,0.8715276792018745,-0.4901649091032222
1709637599.9345748,754,1709637599,938352346,/world,-0.4338896484375,-0.3552293701171875,0.045694091796875,0.0026468326382233357,0.011918484553364903,-0.8636345250133144,0.5039706152091805
1709637599.965861,755,1709637599,968655348,/world,-0.43960577392578126,-0.36910720825195314,0.045455738067626955,0.00478098131816424,0.009571063730896523,-0.8552525526719141,0.5181009998330846
1709637599.9961145,756,1709637599,998958349,/world,-0.4448326721191406,-0.3833927612304687,0.045184200286865234,0.005462546281613226,0.007648658478959332,-0.846181346478105,0.5328121848119436
1709637600.026361,757,1709637600,29261351,/world,-0.4496956481933594,-0.39790753173828125,0.04517290878295899,0.011468264975617076,0.008109904605662773,-0.8354511979372126,0.5493850936331284
1709637600.056706,758,1709637600,59564352,/world,-0.4538346557617188,-0.4124920654296875,0.04469236373901367,0.014237414998693042,0.0010621434922783478,-0.8269972972051817,0.5620245911344524
1709637600.0870547,759,1709637600,89867353,/world,-0.457397705078125,-0.4270960998535156,0.04422788238525391,0.008005857193877221,0.00431940997784675,-0.818336341651471,0.5746676513351541
1709637600.117296,760,1709637600,120170355,/world,-0.4607744140625,-0.44215545654296873,0.044191097259521486,0.01835208245606481,-0.0046849044469949724,-0.8080117538031248,0.5888618291860958
1709637600.1475606,761,1709637600,150473356,/world,-0.463531005859375,-0.45742776489257814,0.044145465850830075,0.017759383520678435,0.001226020667708856,-0.7964048978979453,0.6045017210866472
1709637600.1778505,762,1709637600,180776358,/world,-0.4654988708496094,-0.4728085021972656,0.043600189208984376,0.013303048273569942,0.0005552982605275005,-0.786413421743906,0.6175570196638807
1709637600.2081,763,1709637600,211079359,/world,-0.46720892333984376,-0.4885297546386719,0.04339447021484375,0.014643098461781322,3.300082491219238e-05,-0.7750490739259789,0.6317313548445626
1709637600.2384155,764,1709637600,241382360,/world,-0.4681618347167969,-0.5044549865722656,0.04295746612548828,0.015587003504738427,-0.0001082754808877789,-0.7625580621305946,0.6467319515795102
1709637600.2687128,765,1709637600,271685362,/world,-0.4685812072753906,-0.5205863037109375,0.04257992935180664,0.015741145016926493,0.0009334360345647871,-0.7505927215168702,0.6605769459056818
1709637600.2989862,766,1709637600,301988363,/world,-0.4682286376953125,-0.5364327392578125,0.042051658630371094,0.012564068601185177,-3.606967003149128e-05,-0.7375907302959428,0.6751311281333453
1709637600.329202,767,1709637600,332292318,/world,-0.4670977783203125,-0.5523057861328124,0.041960563659667965,0.01186415636007226,0.0005813273374223449,-0.7251947023151811,0.6884413886047008
1709637600.3594863,768,1709637600,362595320,/world,-0.46567626953125,-0.5681514892578124,0.04217605590820313,0.013046916769879341,0.0008142156134321297,-0.7125068007418601,0.7015434236391465
1709637600.3897285,769,1709637600,392898321,/world,-0.4637819519042969,-0.5841079711914062,0.04166342163085938,0.013287622416872579,0.00018286028105165552,-0.6989433342120385,0.7150535630608206
1709637600.4200408,770,1709637600,423201323,/world,-0.4611316528320312,-0.6000010375976562,0.04156995391845703,0.013959339796009744,-0.0006665816939446997,-0.6849145995437254,0.7284893185823539
1709637600.4503016,771,1709637600,453504324,/world,-0.4576890869140625,-0.6158589477539063,0.041076820373535154,0.01280056536236546,-0.001633022984538637,-0.6718102316486627,0.740610878695091
1709637600.4807265,772,1709637600,483807325,/world,-0.45401141357421876,-0.6316361694335938,0.04076466751098633,0.013609627908051473,-0.004055781590451215,-0.6567824979608119,0.7539463378447072
1709637600.5109665,773,1709637600,514110327,/world,-0.4493868408203125,-0.64732763671875,0.04059192657470703,0.012928380385738217,-0.0016867442279259659,-0.6432023289896023,0.765585251185068
1709637600.54121,774,1709637600,544413328,/world,-0.4443885498046875,-0.6627098999023437,0.04092580795288086,0.00859949641268692,0.0018322005820285113,-0.6294543548907467,0.7769877107228628
1709637600.5714471,775,1709637600,574716330,/world,-0.4389064025878906,-0.6779263305664063,0.040584587097167966,0.012008715039595063,-0.0011967335816471035,-0.6153210376022098,0.7881842248219552
1709637600.6016924,776,1709637600,605019331,/world,-0.4328229675292969,-0.6930695190429688,0.040515888214111326,0.013207612672819507,-0.0007243616849601892,-0.5998858239949942,0.7999762792348819
1709637600.6319685,777,1709637600,635322332,/world,-0.4262048034667969,-0.7081176147460938,0.04020105743408203,0.016487786206424913,-0.00276505429786449,-0.5849324249682987,0.8109097139746947
1709637600.6621795,778,1709637600,665625334,/world,-0.4190389709472656,-0.7227102661132813,0.04002206039428711,0.018038378192685695,-0.006236911649073218,-0.5695368363033875,0.8217441871740376
1709637600.6924272,779,1709637600,695928335,/world,-0.41120782470703127,-0.7371292114257812,0.03970097732543945,0.020483083018998382,-0.006751084139841418,-0.5542583526106168,0.8320652368257394
1709637600.7227008,780,1709637600,726231337,/world,-0.4026510009765625,-0.751122314453125,0.03957255554199219,0.024211856200711,-0.009458629439715507,-0.5386891947837807,0.8421034730314612
1709637600.7529206,781,1709637600,756534338,/world,-0.3936786193847656,-0.764459716796875,0.03929887390136719,0.021421157195950117,-0.009394122388000213,-0.5257600132019115,0.8503112918925089
1709637600.7831466,782,1709637600,786837339,/world,-0.38448248291015624,-0.7779240112304687,0.0392086296081543,0.03506414429234644,-0.014472557563063777,-0.5078601402561302,0.860603936338609
1709637600.8133748,783,1709637600,817140341,/world,-0.37465850830078123,-0.7910588989257813,0.039012168884277346,0.03188222662987133,-0.010513307567241177,-0.492115839772262,0.8698821686965812
1709637600.8436134,784,1709637600,847443342,/world,-0.3642793884277344,-0.8037861328125,0.03894517517089844,0.03165092713332201,-0.0089945898743736,-0.47564619904553035,0.8790210564123433
1709637600.8738525,785,1709637600,877746344,/world,-0.35363522338867187,-0.8161458740234375,0.03866202926635742,0.033165232689058764,-0.010502948530593088,-0.4580816409694227,0.8882291172937667
1709637600.9040875,786,1709637600,908049345,/world,-0.34227093505859374,-0.8279927368164063,0.03852783966064453,0.03723596618587785,-0.012500588984495518,-0.4416663360266547,0.896319180895072
1709637600.9343536,787,1709637600,938352346,/world,-0.3307225341796875,-0.8393138427734375,0.038587619781494144,0.035649647176943064,-0.010423714207733288,-0.4243872391597989,0.9047186920244001
1709637600.9646173,788,1709637600,968655348,/world,-0.3187374572753906,-0.850180419921875,0.03835539245605469,0.032798354213703966,-0.010853052540778035,-0.4079662715283073,0.9123431361595371
1709637600.9948862,789,1709637600,998958349,/world,-0.3063519592285156,-0.8604757690429687,0.03831937789916992,0.03344920685661321,-0.010541293292131203,-0.38952054766738736,0.9203498071773848
1709637601.0251708,790,1709637601,29261351,/world,-0.2935050048828125,-0.8704451293945312,0.038200347900390626,0.03247972481684536,-0.01041183419921691,-0.3731422308546093,0.9271469906943721
1709637601.0553827,791,1709637601,59564352,/world,-0.2805514831542969,-0.88005712890625,0.037999370574951175,0.03249424415796138,-0.010305350006530968,-0.35521958115750824,0.9341611135758986
1709637601.0856676,792,1709637601,89867353,/world,-0.2667209167480469,-0.8892080688476562,0.03796945953369141,0.03206782750879132,-0.00805185790737699,-0.3377692206074116,0.9406480624771298
1709637601.1159194,793,1709637601,120170355,/world,-0.2529498748779297,-0.897688720703125,0.03815812683105469,0.0322542543485827,-0.007454740719251605,-0.31978261920081036,0.9469124361701464
1709637601.1461172,794,1709637601,150473356,/world,-0.23880996704101562,-0.9056751098632813,0.03809395599365235,0.03217334652448339,-0.0064198111164002775,-0.3029043137055644,0.9524561145264387
1709637601.176388,795,1709637601,180776358,/world,-0.22459185791015626,-0.9131083374023438,0.037902042388916014,0.028522344926295348,-0.005499490383206034,-0.2843141422117085,0.9582910303785784
1709637601.2066536,796,1709637601,211079359,/world,-0.2099569091796875,-0.91995703125,0.03802574920654297,0.030607920481247303,-0.003708591912417373,-0.2667922679866647,0.9632607574634446
1709637601.236874,797,1709637601,241382360,/world,-0.19532814025878906,-0.9265438232421875,0.03799530792236328,0.025087133000848343,-0.0009595153880675461,-0.24922266943806512,0.9681207397446007
1709637601.267079,798,1709637601,271685362,/world,-0.18013639831542969,-0.9325439453125,0.03810697174072265,0.023219916119197204,-0.00014478608258932228,-0.23005953620890246,0.9728994946254305
1709637601.2973018,799,1709637601,301988363,/world,-0.16473052978515626,-0.9378468627929688,0.037910770416259766,0.024109378344613675,-0.0005042883496051174,-0.21211656973564705,0.9769468009100379
1709637601.3275714,800,1709637601,332292318,/world,-0.14911424255371095,-0.9426746215820313,0.038019939422607424,0.027500165946679277,0.002282387473886161,-0.19363321496103592,0.9806858293571243
1709637601.3578856,801,1709637601,362595320,/world,-0.13360740661621093,-0.9467801513671875,0.03799650192260742,0.025671301205140475,0.0013635152306046931,-0.17484039885125427,0.9842611277277996
1709637601.38814,802,1709637601,392898321,/world,-0.1176519012451172,-0.9504476318359375,0.037708072662353515,0.03049909870526676,-0.0008336552926341486,-0.15669394602306572,0.9871758321257915
1709637601.418369,803,1709637601,423201323,/world,-0.1016534194946289,-0.9535157470703125,0.03747806930541992,0.028154582723299862,-0.00026690281620727116,-0.13869975046037344,0.9899341572073428
1709637601.4486077,804,1709637601,453504324,/world,-0.0854495620727539,-0.9560299682617187,0.037306327819824216,0.02887573383082694,-0.0009267307671606244,-0.11978547164442305,0.9923793427035615
1709637601.4788187,805,1709637601,483807325,/world,-0.06927809906005859,-0.957818359375,0.03727557373046875,0.025850733973551244,0.0023329982661417564,-0.10057549830285746,0.9945907997468497
1709637601.5090632,806,1709637601,514110327,/world,-0.05298043441772461,-0.9592627563476562,0.03744981384277344,0.025470884160786907,0.002654985420655179,-0.08366711438973237,0.9961646484873968
1709637601.5394444,807,1709637601,544413328,/world,-0.03704566955566406,-0.960166015625,0.037495185852050784,0.017780477564046517,0.005583354494630714,-0.0674995537038297,0.9975452394193773
1709637601.570006,808,1709637601,574716330,/world,-0.021197671890258788,-0.9602227172851563,0.03709458541870117,0.02659100870898309,0.0007729441440529899,-0.050601832053417985,0.998364549159693
1709637601.6002328,809,1709637601,605019331,/world,-0.006035760879516601,-0.9596995239257813,0.03725809860229492,0.02832619666785588,0.002268203925353436,-0.03271516862966348,0.9990606590041642
1709637601.630482,810,1709637601,635322332,/world,0.008263443946838379,-0.9590946655273438,0.037074512481689456,0.030709587891445754,0.002436987523919898,-0.016078341447811888,0.9993960449192973
1709637601.660632,811,1709637601,665625334,/world,0.02107787322998047,-0.9578857421875,0.03692694854736328,0.031041128704655464,0.0015508112947228397,-0.001262383152354464,0.9995161092761449
1709637601.6908464,812,1709637601,695928335,/world,0.03264635467529297,-0.9565387573242188,0.03756135177612305,0.01695427907143201,0.005894500982723372,0.01278706151911693,0.9997571188298119
1709637601.7210855,813,1709637601,726231337,/world,0.04347161865234375,-0.9549677734375,0.037257572174072266,0.01641280249080384,0.004173394056003712,0.024057266808362125,0.9995671318880459
1709637601.7513309,814,1709637601,756534338,/world,0.052961387634277345,-0.9531167602539062,0.03683389663696289,0.02794016359989847,0.0013922659570523974,0.03613726050495337,0.9989552106334473
1709637601.7815769,815,1709637601,786837339,/world,0.06125812149047852,-0.9518489990234374,0.03793470001220703,0.00421793318640561,0.008087188185002044,0.0466591473413566,0.9988692193497161
1709637601.811826,816,1709637601,817140341,/world,0.06863780212402344,-0.9504391479492188,0.038061145782470704,0.007312808808788675,0.010253767466327605,0.05538188359116982,0.9983858178721488
1709637601.842126,817,1709637601,847443342,/world,0.0747162857055664,-0.9489713745117188,0.037822643280029294,0.004417739889120028,0.007823332321275304,0.06016634010334706,0.9981479257686943
1709637601.8723526,818,1709637601,877746344,/world,0.07990316009521484,-0.9478257446289062,0.03772790908813477,0.007074560790366119,0.008519169676198842,0.06462703105442746,0.9978480430267682
1709637601.9025664,819,1709637601,908049345,/world,0.08360914611816406,-0.9469501342773438,0.03793648147583008,0.006514584441676928,0.011116717390496928,0.06835378483203339,0.9975779377933183
