Time,header.seq,header.stamp.secs,header.stamp.nsecs,header.frame_id,twist.linear.x,twist.linear.y,twist.linear.z,twist.angular.x,twist.angular.y,twist.angular.z
1709637585.2938354,334,1709637585,301988363,/world,-0.21810876147630404,-0.44349403666072756,-0.005621627670532666,0.015487477486293907,0.016487675420603226,0.4767526730919502
1709637585.3241756,335,1709637585,332292318,/world,-0.20827350621967097,-0.44734916174509515,-0.0033511078589288784,-0.03585342566057934,-0.06294764815914002,0.4612001867792413
1709637585.3646564,336,1709637585,362595320,/world,-0.20072340342770326,-0.45298165132698054,-0.008691100654252416,-0.049683491682912966,0.011456575261310942,0.4103179648029313
1709637585.384853,337,1709637585,392898321,/world,-0.20361114292129073,-0.4551691836231906,-0.004952764998446118,-0.0730111878790863,-0.16261685558462846,0.566332849558597
1709637585.4151306,338,1709637585,423201323,/world,-0.18999305390181892,-0.4622637005125539,-0.0061788421145187854,-0.0759695740324131,-0.10766105599810688,0.4503781121971578
1709637585.4454153,339,1709637585,453504324,/world,-0.18221021624822054,-0.46664320128767606,-0.00309965459026929,0.03842744659555246,0.12563851554092947,0.4545628901461658
1709637585.475695,340,1709637585,483807325,/world,-0.17678491666560125,-0.4659771109750697,-0.006352082025872535,0.01361575529438818,-0.053122131823451935,0.5031005771226799
1709637585.5060015,341,1709637585,514110327,/world,-0.17029357201804105,-0.4617518456339117,-0.008311776294278865,0.017462638447620124,-0.07440654009988298,0.5887936972868357
1709637585.5463946,342,1709637585,544413328,/world,-0.1557009669470488,-0.4666371615945143,-0.004606226035980366,-0.05138541352864859,0.03148666255927415,0.54504872135026
1709637585.5666027,343,1709637585,574716330,/world,-0.15004782986593468,-0.469752863949452,-0.007454082617954128,-0.14479393852627384,-0.10133704885523975,0.5160416696134361
1709637585.5972478,344,1709637585,605019331,/world,-0.14817903735599894,-0.47265472085246507,-0.008178614504665874,-0.1714421700922151,-0.1354003394576974,0.4785932930970315
1709637585.6275687,345,1709637585,635322332,/world,-0.13911302621888347,-0.4797367503569725,-0.0062844404663081055,0.011373139807474453,-0.21605743858846643,0.5423583978252168
1709637585.6580184,346,1709637585,665625334,/world,-0.1292950298128352,-0.48412295382299214,-0.00401098081914474,0.1377597511073004,0.14292443923102843,0.4957351744712857
1709637585.6885772,347,1709637585,695928335,/world,-0.12176073111994866,-0.4879810244711233,-0.006318167684469845,0.010261615910964361,0.11006950453052652,0.5347610465709417
1709637585.7188554,348,1709637585,726231337,/world,-0.11547003278947222,-0.4808412266281766,-0.00568311224366684,0.044135978686465814,0.08567522430420471,0.5415735289686539
1709637585.7491152,349,1709637585,756534338,/world,-0.10593962528991395,-0.48535853641708043,-0.006816476822168342,-0.15552390076677333,-0.17733850362092152,0.5022712398414506
1709637585.7895718,350,1709637585,786837339,/world,-0.09474941672571549,-0.4872448982526567,-0.005511671904883021,-0.00954501942401434,-0.032052488144268976,0.5205471100033715
1709637585.8097548,351,1709637585,817140341,/world,-0.09356546021124035,-0.4929931768416378,-0.008514059617960874,-0.1193069144589453,-0.06314516759594836,0.5395696790633581
1709637585.8400726,352,1709637585,847443342,/world,-0.08255129181664449,-0.49882667554885235,-0.00808136360969902,-0.046835833671051014,-0.080731868508096,0.57172235296333
1709637585.8805664,353,1709637585,877746344,/world,-0.07585165359650457,-0.5052531127428256,-0.003666512452688938,0.09188389394577079,0.07334896688359491,0.5974008163488151
1709637585.9007924,354,1709637585,908049345,/world,-0.06226746344806809,-0.503618340221224,-0.004938621851723827,0.06249743054597388,0.08818715329085919,0.5238993693323063
1709637585.931056,355,1709637585,938352346,/world,-0.059235643488962035,-0.508998233005826,-0.005998935450564185,-0.05577811443094954,-0.009604538752403538,0.522619850991284
1709637585.9614418,356,1709637585,968655348,/world,-0.05007375666207297,-0.5068773728145036,-0.008091288333242637,0.017812879543423026,-0.025289813217604144,0.560416667775709
1709637585.991849,357,1709637585,998958349,/world,-0.04047538568633701,-0.5068907225406433,-0.0003922732949389659,0.008207870135822137,0.0644633786058037,0.5251385176947909
1709637586.0220928,358,1709637586,29261351,/world,-0.03349874342995301,-0.5112452408554243,-0.012910210869667727,-0.05878051372507284,-0.03862635005417829,0.5778250025267256
1709637586.0523412,359,1709637586,59564352,/world,-0.02359207776806206,-0.5165146678533065,-0.007566510749883029,-0.003823415768273185,0.04457647226473714,0.5494372392487398
1709637586.0825853,360,1709637586,89867353,/world,-0.02533976758763838,-0.5277708168762889,-0.015371266771689159,0.22113097371684443,-0.03177836636822168,0.4544333717757995
1709637586.1128745,361,1709637586,120170355,/world,-0.006619348421469315,-0.530735628443702,-0.0013336499550562486,0.19376216308915536,0.36569094472668506,0.5574875987720584
1709637586.1431656,362,1709637586,150473356,/world,-0.008793548782801551,-0.5237615674213516,-0.006988925068082175,-0.074399482678526,-0.46763731546848075,0.47468893708539844
1709637586.1734092,363,1709637586,180776358,/world,0.00143476277448246,-0.5213666563161047,-0.003286075119002959,0.047397082983535135,0.32217719874383444,0.5880472310712672
1709637586.2036245,364,1709637586,211079359,/world,0.011200011224322074,-0.5245184886202057,-0.004682572669118267,-0.015627308905956427,0.0168152843104879,0.4958368261113387
1709637586.2338295,365,1709637586,241382360,/world,0.020977523141420165,-0.5249504638617167,-0.013073590002774978,-0.0368021865125399,-0.21900852741078816,0.5206159766439139
1709637586.2641113,366,1709637586,271685362,/world,0.028622875692139796,-0.5290571501050748,-0.011352304119647653,0.008113050537114093,0.24122045104746961,0.49970227210626544
1709637586.3044953,367,1709637586,301988363,/world,0.03137300573825193,-0.5307222544025957,-0.009501486523854566,-0.11552148560369524,-0.19647205149647665,0.5247555875334686
1709637586.324669,368,1709637586,332292318,/world,0.04534859963454459,-0.5328888280032135,-0.009795200338294398,-0.07392114859401883,-0.039831779612894164,0.4721204751012095
1709637586.3548837,369,1709637586,362595320,/world,0.04807618689386521,-0.5312899312521094,-0.010136848765201368,0.061002363991230074,0.28489331304143317,0.44812482532172654
1709637586.3853784,370,1709637586,392898321,/world,0.052093832664627505,-0.5271792548046106,-0.005632364926177105,-0.10154830053733022,-0.00967014413830014,0.4015304503535634
1709637586.4156055,371,1709637586,423201323,/world,0.061022210585366034,-0.522983223631477,-0.005700100759309291,-0.061116731575129854,-0.09863171129001005,0.39208697579825524
1709637586.4461102,372,1709637586,453504324,/world,0.06406765322399902,-0.5251245445235462,-0.004096263027173805,-0.13762110285857693,-0.15331366277934536,0.47601698277852944
1709637586.4763615,373,1709637586,483807325,/world,0.07830469456154704,-0.523366386690396,-0.0075541757546678375,-0.05853057874082354,-0.033233384828096235,0.376975850032172
1709637586.5066187,374,1709637586,514110327,/world,0.08035623394484209,-0.5287058619563597,-0.00014865445501771428,-0.011991293973536439,0.1925232684003248,0.329497347182526
1709637586.536856,375,1709637586,544413328,/world,0.08006514688511855,-0.5283560831427387,-0.005144667524207709,-0.031484706410644936,-0.0688959663187152,0.3242737513107376
1709637586.567078,376,1709637586,574716330,/world,0.08289342474224742,-0.5250666048495043,-0.003637486513795704,-0.028176882665877544,-0.2242751160732504,0.3343158153890296
1709637586.597323,377,1709637586,605019331,/world,0.09221930015214254,-0.5209898073027653,-0.0030651126603963553,-0.00916316885855301,0.14787520598215126,0.3323340880995117
1709637586.6276152,378,1709637586,635322332,/world,0.09554476056336526,-0.5199750559807472,-0.004583273131561259,0.07035745244834576,-0.04747611437346547,0.23459045164322606
1709637586.657913,379,1709637586,665625334,/world,0.09831397214619068,-0.5213055284744519,-0.005236297480754473,0.061403588868653235,-0.10402217064394569,0.38294639414317416
1709637586.6882162,380,1709637586,695928335,/world,0.11811407020682496,-0.5178024481210736,-0.0006400892676286848,-0.16959374492181872,-0.07232406457707956,0.4017395048957497
1709637586.7184305,381,1709637586,726231337,/world,0.11947126060412971,-0.5190883181738871,0.004042668585471205,0.018875835852535883,0.10334041463693815,0.36278720900915506
1709637586.7486804,382,1709637586,756534338,/world,0.11377525863172909,-0.51645720360108,-0.009388214975903156,0.024247550264780558,-0.058449506174378676,0.15742734616910845
1709637586.7789912,383,1709637586,786837339,/world,0.12129179448740883,-0.5148813618378386,-0.004387074134214011,-0.020035563304858325,-0.10361007020864585,0.3714811062444216
1709637586.8092155,384,1709637586,817140341,/world,0.1326612961915229,-0.5073713878293504,0.001539863118838059,-0.04439930854872556,-0.12095531127687528,0.3744737098505217
1709637586.8394756,385,1709637586,847443342,/world,0.13811013793558302,-0.5015693117444636,-0.004801146456038287,0.08589080869525861,-0.0863377739015507,0.46340962950543585
1709637586.8699002,386,1709637586,877746344,/world,0.14263297986106144,-0.5037400795861748,-0.006958404688454979,-0.041082474324651536,-0.13833877896422048,0.46149965931547676
1709637586.9001846,387,1709637586,908049345,/world,0.15654031215332684,-0.49863089694829965,-0.004191681826633407,-0.03216580391752288,0.033465873224426845,0.40122214974534137
1709637586.9305592,388,1709637586,938352346,/world,0.16764826807367467,-0.4993727082818289,-0.0010508696765594247,0.09745627169258708,0.12126238571281711,0.4181040702336304
1709637586.9608278,389,1709637586,968655348,/world,0.1665389306832802,-0.5014516261915076,-0.0038267005548024728,0.032213529532898855,-0.07900697207757934,0.4537846478824931
1709637586.9911337,390,1709637586,998958349,/world,0.17096707951712148,-0.4936324600793861,0.0014740097999175385,-0.013612556671197047,-0.031252500786859067,0.5138533613644031
1709637587.0213974,391,1709637587,29261351,/world,0.18460609006227188,-0.4843131665847209,-0.0029783736784267725,0.08571535509873715,-0.03832452736771286,0.4436292857090441
1709637587.0540323,392,1709637587,59564352,/world,0.1855642373004461,-0.48202023721454057,-0.0026041193560949016,-0.0826326503153701,0.028938990407552018,0.4893242655975344
1709637587.08437,393,1709637587,89867353,/world,0.19088322980745495,-0.4807456957720074,0.0005096377754998881,0.11650562832706488,-0.28291323394490975,0.5336635818899335
1709637587.1146584,394,1709637587,120170355,/world,0.2066705799841634,-0.4800927388005183,-0.004191981931255811,-0.09543294906818084,0.16883781831799666,0.41057718973406054
1709637587.1449125,395,1709637587,150473356,/world,0.21282454702562906,-0.47339387244161707,-0.0071523377795395335,0.016567370445427915,-0.056856927137092644,0.4182500315762015
1709637587.175193,396,1709637587,180776358,/world,0.21382551342197084,-0.48039989369719904,-0.0070868813071202465,0.0064515641085964165,-0.09855029444693358,0.39392621012366213
1709637587.205505,397,1709637587,211079359,/world,0.21973540777357325,-0.47873730321790386,-0.003492065213208643,0.14446963089318332,0.07128649895047476,0.4393153979531293
1709637587.2359843,398,1709637587,241382360,/world,0.22750405045534938,-0.4751656800582602,-0.004348588545626691,0.1766323758894391,-0.07298762534389053,0.36771857020674803
1709637587.2662284,399,1709637587,271685362,/world,0.24170669018368426,-0.4653467080254385,-0.005171125245023221,-0.07827876831375793,-0.005212478575617255,0.5033123813378678
1709637587.2965214,400,1709637587,301988363,/world,0.24171385814319166,-0.46957663079954104,-0.00568621394154195,0.1423898172319958,-0.03298422946048235,0.5628174822178863
1709637587.3268604,401,1709637587,332292318,/world,0.2553532425145997,-0.4647788345358113,-0.006843500672048722,0.008883976066566351,0.01208294439418444,0.5167572833587137
1709637587.3572679,402,1709637587,362595320,/world,0.26502640830984814,-0.4659864444844154,-0.009912375885782053,0.17532147473027737,0.028872488997413553,0.5626376578094966
1709637587.3875763,403,1709637587,392898321,/world,0.2684920673986892,-0.46188819886934546,0.000622620108584512,-0.049472652929151456,-0.1266103121618273,0.5622487024566092
1709637587.4178612,404,1709637587,423201323,/world,0.284426036404934,-0.4582210618150592,-0.010592814154254386,-0.03023471351711063,-0.20969653522805645,0.6535983125085859
1709637587.4481664,405,1709637587,453504324,/world,0.2952662050780017,-0.4460908280836755,-0.002143052993389674,-0.053827545321284836,0.07594845656322699,0.7142112773571945
1709637587.4784293,406,1709637587,483807325,/world,0.3122813020052064,-0.4435545143600158,-0.002538034896052885,-0.011686313255369916,0.07980022346564268,0.6565461466105592
1709637587.50871,407,1709637587,514110327,/world,0.32142774164091725,-0.44388518796019316,-0.014029900967235519,0.08748889452747804,0.033895665724535784,0.6383648185167063
1709637587.5390952,408,1709637587,544413328,/world,0.33204974842079416,-0.4449584072498657,-0.0015035002982978617,-0.17803687933949286,-0.02203003666244311,0.6351330716953747
1709637587.5693524,409,1709637587,574716330,/world,0.35014621605577806,-0.4387440005904678,-0.012065093311840254,-0.06833825805254487,-0.012510806433484968,0.5316755548436499
1709637587.5996053,410,1709637587,605019331,/world,0.35517320203578373,-0.4461551274828835,-0.004711897333572918,0.05218284514690261,0.0695567424907127,0.6092638219383026
1709637587.6299262,411,1709637587,635322332,/world,0.36381778724794467,-0.43374586293350903,-0.0021796442853784384,-0.18893246739144615,0.16095618041243084,0.5045828587484124
1709637587.660214,412,1709637587,665625334,/world,0.3697665841672738,-0.4373977386726306,-0.007345362670646694,0.1457092599883708,-0.08018001526347765,0.5406467859152709
1709637587.690566,413,1709637587,695928335,/world,0.3755968699070351,-0.4325325379454392,-0.006514469095254785,0.022509899878702458,-0.12180072591568407,0.5607411581330397
1709637587.7208905,414,1709637587,726231337,/world,0.3935960907422804,-0.4311557677510664,-0.004912580520320342,0.10636895045435725,-0.059642504651394194,0.5618019058628895
1709637587.7513053,415,1709637587,756534338,/world,0.4013004676478672,-0.42673747943767815,-0.001530441318724814,-0.16010876007536223,0.06004976597714747,0.5622083549194066
1709637587.7815711,416,1709637587,786837339,/world,0.4103483717637978,-0.422294722468252,-0.014103454578447897,0.15361741815745728,-0.07765422502925062,0.6083495780224899
1709637587.8118289,417,1709637587,817140341,/world,0.420917701642321,-0.4179070445830245,0.0002546114036990534,-0.2914449714459482,0.15747242683443335,0.5782608726808317
1709637587.8420796,418,1709637587,847443342,/world,0.4282286404500147,-0.4120502725550458,-0.006242920896624723,0.05781471653169812,-0.08428134193989034,0.5605610701912217
1709637587.8723927,419,1709637587,877746344,/world,0.4325691125962336,-0.40930542652842994,-0.004791786150102023,0.1915671049743738,-0.23451553082318158,0.5961331538195248
1709637587.9026868,420,1709637587,908049345,/world,0.44934214100216835,-0.40112781587336005,-0.000685709664144875,-0.0015161013062405249,0.033085803348967685,0.5782892704911792
1709637587.9329753,421,1709637587,938352346,/world,0.4583285880117816,-0.3994597896204703,-0.003163859738185893,0.00377592248847132,0.10859336101093292,0.5756873589400786
1709637587.9633486,422,1709637587,968655348,/world,0.46751166766390534,-0.3947094187827781,-0.006687910919405113,-0.04690947745209011,-0.05540996118675484,0.5540200769384704
1709637587.9936585,423,1709637587,998958349,/world,0.48373909023511297,-0.3854399475578631,-0.005342110891168138,0.03590806511657655,0.11096916650049554,0.5738045670028948
1709637588.023943,424,1709637588,29261351,/world,0.49031696030712213,-0.3796618302778038,-0.00988876514806734,0.054645712585882966,-0.021060304413778486,0.6322930056583443
1709637588.054207,425,1709637588,59564352,/world,0.5001430418479598,-0.37674463975275174,-0.00684903130828096,0.1972587498103669,-0.06827112118006262,0.7134889849282505
1709637588.084485,426,1709637588,89867353,/world,0.5112887856051831,-0.3615190557800873,-0.0031209540250341002,0.013986628638710613,0.06764980561693079,0.6704179687418234
1709637588.1148067,427,1709637588,120170355,/world,0.5230298603196674,-0.35792470249462954,-0.016091588601734243,0.18710939820470676,-0.1380436063814387,0.6796684542004864
1709637588.1450608,428,1709637588,150473356,/world,0.5307624045403861,-0.3521008257431818,-0.00029465260525063375,-0.3217296802661108,0.16960496381517304,0.7493374472399527
1709637588.175369,429,1709637588,180776358,/world,0.5415069454873392,-0.32797438782533345,-0.004755880685359848,0.049925301127790034,-0.16811757725614168,0.7091367358717516
1709637588.205673,430,1709637588,211079359,/world,0.5484219498459231,-0.3241996226807639,-0.010200797393413126,-0.09127490398555582,-0.08527342359866662,0.6906674761987053
1709637588.2360704,431,1709637588,241382360,/world,0.5590656377955048,-0.3106107044694992,-0.00996354320027877,-0.10856745439593032,0.14536265790110992,0.6194716505761331
1709637588.2663393,432,1709637588,271685362,/world,0.5702290056575586,-0.29991915874271724,-0.00658917172785331,0.1900346914261912,-0.06930962089868456,0.7364566540211703
1709637588.2965658,433,1709637588,301988363,/world,0.5732981535381504,-0.29971230655828685,-0.007882544262386184,-0.1944624492577273,-0.06386817037895148,0.5932762549143415
1709637588.326765,434,1709637588,332292318,/world,0.5831263046310607,-0.28413608094411236,-0.002786779649499904,-0.11121024541585867,0.08554713042663031,0.74165695783837
1709637588.3569725,435,1709637588,362595320,/world,0.58841106370409,-0.27571817002810206,-0.0051187909655371,-0.006143158358217604,-0.07312192817233318,0.5635344929020847
1709637588.3872178,436,1709637588,392898321,/world,0.5955531602917493,-0.26457205051634347,-0.011066847439430821,0.12089581437401123,-0.002244839185301037,0.7282966146782592
1709637588.4174583,437,1709637588,423201323,/world,0.5960727135576553,-0.24633820677599086,-0.006826119420043775,-0.07279520734845762,0.3027773298593976,0.6332138987415958
1709637588.447715,438,1709637588,453504324,/world,0.6018466120675854,-0.23928133687998981,0.0021715786357955477,-0.35056767237388514,0.02468862011470896,0.5723708398869062
1709637588.4779801,439,1709637588,483807325,/world,0.6249608749451243,-0.21670567200886848,-0.06793221350202909,2.5368847120929394,-1.7970488243053184,0.6727693730610351
1709637590.538867,440,1709637590,544413328,/world,0.47262332492097003,0.43847110156493524,0.02000277191908257,0.4863504776898325,0.16963598753250966,0.4368897521934615
1709637590.5691524,441,1709637590,574716330,/world,0.45820561518383995,0.453422058341422,0.014418653341785274,0.1575483360653382,0.22825386433251196,0.5276165966951036
1709637590.599485,442,1709637590,605019331,/world,0.45245304539683806,0.4616570383372843,0.0035624667253957402,-0.1352834730900177,-0.09508370957782483,0.43178708597396886
1709637590.6297758,443,1709637590,635322332,/world,0.4497572976320919,0.46364551081175853,0.005483470001098933,0.06849568244195536,0.05276115332250439,0.4795187143869201
1709637590.6599815,444,1709637590,665625334,/world,0.4419865502809674,0.4707914950462227,0.0068141719790675,-0.39172608075642334,-0.15485101574961058,0.4928704640048716
1709637590.6902382,445,1709637590,695928335,/world,0.43513552653791804,0.475722042026126,0.0036316473052604415,0.6433080960376827,0.5732485717000373,0.46111800871714514
1709637590.7205207,446,1709637590,726231337,/world,0.43406843667942024,0.4796071700365503,0.002740132161553682,-0.6129154080614194,-0.3350091502111596,0.6633291818662193
1709637590.7508292,447,1709637590,756534338,/world,0.42491109807331934,0.48073868256126695,0.02038888919211516,0.02224476181999535,0.1599170203075702,0.5531244393419162
1709637590.7811115,448,1709637590,786837339,/world,0.4205961880447528,0.488879105001828,-0.005930663913615672,0.11201151596374496,0.2342764385240017,0.38989916690314497
1709637590.8113637,449,1709637590,817140341,/world,0.40957280040189253,0.4928609686491455,0.005122080705592818,0.007832725886813316,-0.1499776304414499,0.4188261342363093
1709637590.8416476,450,1709637590,847443342,/world,0.3958068351298118,0.5054138263936149,0.011893919407801753,-0.2013051298620322,-0.40713599698038827,0.3626235775540264
1709637590.8718867,451,1709637590,877746344,/world,0.3888032470454025,0.5051224212510123,0.010933727350245264,0.045307439509001624,-0.1687230328739484,0.5069805350547468
1709637590.9022355,452,1709637590,908049345,/world,0.38664827699854165,0.5159757519846935,0.0015472357287539124,-0.09115531340007627,-0.26079562516815596,0.42163462448728106
1709637590.9325132,453,1709637590,938352346,/world,0.3851287263179272,0.5187623342989215,0.008134023554079259,-0.10456180782494788,0.04679899322477793,0.5625305924568287
1709637590.962821,454,1709637590,968655348,/world,0.37453497027456295,0.5272494693781462,-0.0030083555719949105,0.24177530430210276,0.2439905767918151,0.5905946436177949
1709637590.9930606,455,1709637590,998958349,/world,0.3510420773258047,0.5330344973273297,0.010775960778900457,-0.03852734150921461,0.04820525342418988,0.6805610399532936
1709637591.0233157,456,1709637591,29261351,/world,0.33983817927178084,0.5383953142448998,0.01799466836026633,-0.0179217708347355,0.27833948893084126,0.6304005303421879
1709637591.0536544,457,1709637591,59564352,/world,0.3399937663513995,0.5543232670832914,-0.003236640046315565,-0.14481390871109617,-0.2986057034568411,0.28812955182152794
1709637591.0839498,458,1709637591,89867353,/world,0.3336040361951916,0.5495482020002856,0.011832351080056178,-0.20813238593707323,-0.14608895219333448,0.3957729818941186
1709637591.1141999,459,1709637591,120170355,/world,0.3341168514643227,0.5494909838538693,0.006351289776799498,0.03218854953114769,0.17782510877224986,0.532339091921415
1709637591.1444442,460,1709637591,150473356,/world,0.32642637843207234,0.5543175029788336,0.004704702433415066,0.14685566297071684,0.2747405272993281,0.4814959011957761
1709637591.1746895,461,1709637591,180776358,/world,0.3129139339439093,0.5626002788100948,0.004320261218801158,0.027725401360623375,0.22776717915371822,0.47860898865539475
1709637591.2049508,462,1709637591,211079359,/world,0.3071910325332222,0.5683867760111084,0.0009315182643195416,-0.10375479870910506,-0.21434067140885618,0.46813784932772134
1709637591.2352018,463,1709637591,241382360,/world,0.3027559690049275,0.5734023949697652,0.006201732282032118,-0.03241876403804839,-0.15039293285179955,0.586979013321592
1709637591.2656946,464,1709637591,271685362,/world,0.2878921309995211,0.584978481131715,0.0035647769028386714,-0.025764096430278063,0.1065275812647804,0.5305705496222461
1709637591.295931,465,1709637591,301988363,/world,0.27653803635599417,0.5914449615679772,0.00402302602008249,-0.007128971233588039,0.016519713782325626,0.5936250468099461
1709637591.326186,466,1709637591,332292318,/world,0.26346286540437475,0.5928013927798144,0.0151048030925163,-0.2409897016656951,-0.33010850173922546,0.6542026554724881
1709637591.3564382,467,1709637591,362595320,/world,0.24924912035041463,0.60558929126087,-0.005247588589846898,0.04803393019408109,-0.035688868868377355,0.6856020216150563
1709637591.3866801,468,1709637591,392898321,/world,0.24014414429361475,0.6058833024929003,0.003505584136728279,0.1067837177049425,0.17623850946279873,0.7327685137470262
1709637591.4169376,469,1709637591,423201323,/world,0.2178039532717264,0.6159075545178401,0.007966514900657471,-0.06325323238404018,-0.15601205662062478,0.6912768399700577
1709637591.4472027,470,1709637591,453504324,/world,0.21583738724262475,0.6285655388298992,0.007441649491703008,-0.1287824801830159,-0.07466691629127628,0.6956980748258614
1709637591.4776404,471,1709637591,483807325,/world,0.19778516064767704,0.6265413281259256,0.005165864616212141,-0.028550017223006763,0.03019376933146098,0.6835461276659195
1709637591.5078955,472,1709637591,514110327,/world,0.17796257288821068,0.6312422645025066,0.0046838528097355005,0.05167775038930969,-0.0002745700834462794,0.7348193507107473
1709637591.5381746,473,1709637591,544413328,/world,0.17326626276770196,0.637058532671738,0.003961924136113448,-0.012503992061910857,-0.04115041792176712,0.7974144020293701
1709637591.5684438,474,1709637591,574716330,/world,0.14029071513992633,0.6401171911444601,-0.008930265575573342,0.35012950325236425,0.752563315230351,0.6155609952141605
1709637591.5987253,475,1709637591,605019331,/world,0.13080812449181278,0.6447119103174932,0.004578508544088193,0.13450795209574842,0.14837566569622718,0.6611385805399449
1709637591.6292403,476,1709637591,635322332,/world,0.1257580711627898,0.6478432133466879,0.0017354048823157386,0.13418017461777706,0.16938732932592818,0.7847468912292964
1709637591.6595097,477,1709637591,665625334,/world,0.10589545775115428,0.6472619321923385,0.006948102965513811,0.0955625747454267,-0.01835732158130432,0.78863998232161
1709637591.689792,478,1709637591,695928335,/world,0.08479771844685599,0.6533699567572131,0.007823918413003197,-0.029464448538125715,-0.08389881997967817,0.7911372169900642
1709637591.7220414,479,1709637591,726231337,/world,0.07377002732184058,0.6586356042143958,-0.009382015661997815,-0.011221795541900836,0.24938569658422066,0.8278520509900934
1709637591.7523127,480,1709637591,756534338,/world,0.054185152470069935,0.6610716136212094,0.002641643284677324,-0.08713672396109767,0.057247104003075255,0.8253858928454108
1709637591.7826834,481,1709637591,786837339,/world,0.040593449394020154,0.6593213384519104,0.013465679402543522,0.09306999110019853,-0.0704700946707745,0.7822206067493022
1709637591.8130279,482,1709637591,817140341,/world,0.025545871132771403,0.6591443257428156,0.009116963720582079,-0.019227079927443796,0.12045838840732706,0.8690364390154305
1709637591.843299,483,1709637591,847443342,/world,-0.0009654904755396661,0.6576860651035892,0.016225683988941357,-0.10972763292236937,-0.17522481557537248,0.8663345447445008
1709637591.8735569,484,1709637591,877746344,/world,-0.01158685583820607,0.6565976007669072,0.0004935095631987164,0.1451673656568404,0.14786944945858785,0.984806378285394
1709637591.9038012,485,1709637591,908049345,/world,-0.03235656436875296,0.6561250095301824,-0.007860697629820645,0.11990653427345571,0.1526990588295583,0.9347191086523456
1709637591.934061,486,1709637591,938352346,/world,-0.07768378888832572,0.6563074307789474,0.007948861572212583,-0.03392744133023287,-0.29469085348537777,1.1206384546092623
1709637591.964356,487,1709637591,968655348,/world,-0.09169024761850623,0.6520678908287755,0.011458280117196566,-0.08547458010649805,-0.05173966948006037,1.2558957181839223
1709637591.9946203,488,1709637591,998958349,/world,-0.12562484956435185,0.6449062853737465,0.009942852092630315,0.01953958984745617,-0.20176154412617184,1.1111233172192887
1709637592.024862,489,1709637592,29261351,/world,-0.1368570584720741,0.6425476264609571,0.004740191084423113,-0.14513511910572724,0.13294895420428157,1.2841804543686557
1709637592.0551143,490,1709637592,59564352,/world,-0.16223257028992052,0.6379517773983825,0.0036102911604374115,-0.14082663761048864,0.08786183284638624,1.2946179221623024
1709637592.0855415,491,1709637592,89867353,/world,-0.19462534346343024,0.6329041605104866,0.0032544287544319004,-0.12374741723813676,-0.006291525502535242,1.2778927315507524
1709637592.1157455,492,1709637592,120170355,/world,-0.21985550928402647,0.627421705423788,0.005528841090923444,0.14485406026844977,-0.2711479553747977,1.2169245573408436
1709637592.1460645,493,1709637592,150473356,/world,-0.24354398741674874,0.6175006005529773,0.007598711376083134,-0.06753809569666727,0.005974589385486728,1.2419862250279947
1709637592.1763635,494,1709637592,180776358,/world,-0.269571466869211,0.6036165468516097,0.002660131546726216,0.20648315562386763,-0.237053112507497,1.10483275913568
1709637592.2066302,495,1709637592,211079359,/world,-0.27636672600524176,0.5952952772863427,0.005582467127767339,-0.23196523756590318,0.2590628959849235,1.4661265030743895
1709637592.236897,496,1709637592,241382360,/world,-0.32010077192207587,0.5771786651367663,0.007473537419681934,-0.015316251489197713,-0.15574635388941827,1.3397727949631733
1709637592.2672644,497,1709637592,271685362,/world,-0.34186448320979546,0.5628951150709884,0.007563470314552235,0.3036475759323559,-0.4660724293093231,1.267548781266132
1709637592.2975569,498,1709637592,301988363,/world,-0.3560586288218749,0.5536064957231757,0.007163029305491362,-0.17536268426358553,0.3054339159192289,1.443757664468107
1709637592.3278155,499,1709637592,332292318,/world,-0.3870645914384906,0.5285761712748638,0.006842885059879611,0.4940384140527772,-0.5671769448402915,1.2362541945963486
1709637592.3581336,500,1709637592,362595320,/world,-0.3965535505001627,0.5188490273889247,0.002911809772190176,-0.06890580784180994,0.05364817408287059,1.2746391698430204
1709637592.3883843,501,1709637592,392898321,/world,-0.43225388974441026,0.49828503564764315,-0.007866236378916494,-0.33642428360039295,0.7726630028229585,1.0024734452284494
1709637592.4186518,502,1709637592,423201323,/world,-0.4252950797233978,0.4987321493927186,0.010523175767051064,0.037662937163941146,-0.10395542066932717,0.9984671005988356
1709637592.4489098,503,1709637592,453504324,/world,-0.43464238237482083,0.4879936452857796,0.011809060517736636,0.0888010510959039,-0.13468177789857966,1.0686144550169312
1709637592.4792016,504,1709637592,483807325,/world,-0.4109792964136012,0.4870041825084697,0.05828193951807859,-0.4073526710685352,-1.1272636104030171,1.7502381975129966
1709637592.5097396,505,1709637592,514110327,/world,-0.4889490752411099,0.45714752065270664,-0.02256309214453888,0.7574015827028895,0.1543570945669308,0.36420582721217976
1709637592.5400364,506,1709637592,544413328,/world,-0.44899588061350193,0.45773978686585304,0.023575142738680777,-1.4499541001381455,0.74189684432206,1.2783941809328274
1709637592.570282,507,1709637592,574716330,/world,-0.4720056118286442,0.4487481916802455,0.01051092714647324,-0.34018304321314563,0.0922529427753892,0.7719922166526634
1709637592.6005344,508,1709637592,605019331,/world,-0.4778302870928406,0.4426056358462896,0.005307754727435523,0.0731928363579823,0.03024198439417925,0.673383212747354
1709637592.6308484,509,1709637592,635322332,/world,-0.4874989249681295,0.4361871196372556,0.007893306864808654,-0.005336191432426474,-0.0819568467515853,0.6122457564035535
1709637592.6610808,510,1709637592,665625334,/world,-0.4963392548895427,0.42516275509111484,0.014018933199433242,0.001665483411061334,-0.05767058316747522,0.5937710756059278
1709637592.69134,511,1709637592,695928335,/world,-0.5110537651702701,0.42087423785361316,-0.013912240523329608,0.8757935936039483,-0.22512742607502534,0.2668677904193723
1709637592.7216754,512,1709637592,726231337,/world,-0.5146493993536373,0.40975070112979656,0.0026966628273733043,0.6000750931038027,-0.38917413117646726,0.21219724565180895
1709637592.7518957,513,1709637592,756534338,/world,-0.5177090306398645,0.406798741164668,-0.00520800813726824,-0.12456210286858305,0.06718609152204114,0.40834396752412117
1709637592.7821836,514,1709637592,786837339,/world,-0.5228108612357344,0.4009756877970343,0.008109136001345461,0.06993574084933354,-0.10290980479099468,0.5575313329143127
1709637592.8125756,515,1709637592,817140341,/world,-0.5438160853516161,0.39539033753680436,-0.012333126721337545,-0.8037399921658372,0.8712326602826239,0.47229880565344035
1709637592.8428679,516,1709637592,847443342,/world,-0.5256683168932278,0.38347684597124315,0.014574601956300583,0.04957013067339355,0.36297020456492135,0.399289774334867
1709637592.8731296,517,1709637592,877746344,/world,-0.5292784010129995,0.37007460218503074,0.009190831002051307,0.10675507981467366,0.07651645128514256,0.5141093427552749
1709637592.9034493,518,1709637592,908049345,/world,-0.5384382249443943,0.36465106530919184,-0.003367791203016581,0.1733007898216679,-0.10488927475937523,0.38038366184302597
1709637592.9338248,519,1709637592,938352346,/world,-0.543146267424879,0.3477089222280745,0.007532788981991048,-0.18598395369514176,0.3678586830670617,0.5656930153437237
1709637592.9641356,520,1709637592,968655348,/world,-0.5536225216627523,0.34050015541187484,-0.001162862262199955,0.12497519576390781,0.062483535436660576,0.48284579444245546
1709637592.9944198,521,1709637592,998958349,/world,-0.5519349110489574,0.3473537555782073,0.017302836320964507,-0.015066606704549707,-0.06522523773949612,0.6153341631913609
1709637593.0247145,522,1709637593,29261351,/world,-0.5593708359212373,0.3227598283995299,0.0057641404116938,-0.01009836995742112,-0.09940117112879565,0.6021803779315233
1709637593.055029,523,1709637593,59564352,/world,-0.5674368266808871,0.30009358846251166,0.012250870726551484,0.27387269798836267,-0.252247194336509,0.46870351792134646
1709637593.0853252,524,1709637593,89867353,/world,-0.5652529456906705,0.2988657812061762,0.010292769947964651,-0.0992968515043251,-0.12084844655215707,0.5866852301555684
1709637593.1155684,525,1709637593,120170355,/world,-0.568924019917225,0.28728403937510183,0.009955084459430058,-0.06625444957486719,0.07228886842745383,0.5930659549093062
1709637593.1458144,526,1709637593,150473356,/world,-0.5796978932528287,0.2751862332818228,0.0016965971850035119,0.12731542840829124,0.0009924688901079143,0.5235390346875836
1709637593.176226,527,1709637593,180776358,/world,-0.5840022752630516,0.27737812937461526,-0.0048422378635083335,-0.5497243023008341,0.2657954570166007,0.6139429160210108
1709637593.206524,528,1709637593,211079359,/world,-0.5868028574606874,0.25404759721784487,0.0015508942379544423,0.13404354932462947,0.010057859767363675,0.5028850903554245
1709637593.246913,529,1709637593,241382360,/world,-0.5888230822161047,0.24528377052762335,0.006465619826547608,0.07520882916440264,-0.0425668210936872,0.5004446648291504
1709637593.2670894,530,1709637593,271685362,/world,-0.5871886829774352,0.24529604493356585,0.010738302239826004,-0.18525819943646893,-0.019296006892517197,0.5666468102395956
1709637593.2973146,531,1709637593,301988363,/world,-0.5941986219244914,0.22937108115906601,-0.0014880998867675185,0.02198926365265877,-0.049015101397164446,0.5546517778614631
1709637593.3377228,532,1709637593,332292318,/world,-0.6080931251465502,0.21579210122984085,-0.0027732506951010124,-0.03811582087230347,-0.06754155605560336,0.6454652485660495
1709637593.3579717,533,1709637593,362595320,/world,-0.6166143296863266,0.21088662904156633,-0.003788351734114921,0.31197712055507143,-0.12153406626944661,0.5991209832817599
1709637593.3882592,534,1709637593,392898321,/world,-0.6187883671348035,0.193699102410014,-0.0011284200437462408,-0.0301587880169063,0.03842624903208523,0.6512543999401632
1709637593.4185238,535,1709637593,423201323,/world,-0.6164073085663729,0.18049189884104214,0.002238533666055126,0.07757325810680502,-0.12090113967386444,0.613866189691543
1709637593.4488232,536,1709637593,453504324,/world,-0.6188475618792656,0.17616173160458276,-0.005263155894573216,-0.08862360624597171,-0.029003592477140114,0.6376594486532728
1709637593.4790814,537,1709637593,483807325,/world,-0.6352400503631435,0.15370713359308624,-5.835539556457714e-06,0.17252523074588288,-0.007255264625502907,0.6467160401301871
1709637593.5094426,538,1709637593,514110327,/world,-0.6366929713872514,0.13916938787088068,-0.004077448095399274,-0.21990252383574876,0.14751026555728275,0.746737713228476
1709637593.5396824,539,1709637593,544413328,/world,-0.6422816926839694,0.12821244251553898,-0.004295047571777006,0.14930879513176787,-0.07852825420783816,0.8708102137515064
1709637593.5699413,540,1709637593,574716330,/world,-0.6419250663708541,0.10196627250478914,-0.0048847329683925685,-0.10783329917640272,0.053174488622843546,0.7917595221167005
1709637593.6001968,541,1709637593,605019331,/world,-0.6458527470352253,0.08703704484539726,-0.009495085049792764,-0.1712417361186046,0.07216288423023992,0.8069489692730462
1709637593.6305258,542,1709637593,635322332,/world,-0.6506603758247694,0.07576292556711395,-3.530644056042899e-05,-0.028190812608921256,0.007643990788190877,0.8161807611416094
1709637593.6616728,543,1709637593,665625334,/world,-0.665929362739447,0.05675578106196329,-0.001830405666259869,0.016138554886054916,-0.0052205370175933356,0.9249413711684447
1709637593.691967,544,1709637593,695928335,/world,-0.6623566771979498,0.04337443822856317,-0.009433872472091133,-0.2077078700921636,0.12872311226224908,0.9912632316909384
1709637593.7222397,545,1709637593,726231337,/world,-0.6562454887982916,0.019664925335452228,0.0012090411305767917,0.04334191703073595,-0.02933893767398965,0.8624750528263864
1709637593.7524989,546,1709637593,756534338,/world,-0.6567350037178963,0.0015197900641330739,-0.0011111057881423364,0.21416237148652814,0.01746825093049991,0.8412065702943055
1709637593.7827444,547,1709637593,786837339,/world,-0.6593744513495453,-0.011548140903545692,-0.005590713533581933,0.11565319574078105,-0.0467837919258263,0.8480179020853852
1709637593.8129735,548,1709637593,817140341,/world,-0.662717639794032,-0.034051527074300966,-0.001514891308368049,-0.06286552171250416,-0.033226337687884994,0.9180904128354673
1709637593.8432086,549,1709637593,847443342,/world,-0.6660833331402918,-0.0525541413664385,-0.008627587879444752,0.03902703006881757,-0.07124397745147282,1.0117709129366275
1709637593.8735566,550,1709637593,877746344,/world,-0.6628768321936123,-0.07434521864313298,0.00035271734893557206,0.22285166756689379,-0.035125700202307375,1.0370978834898732
1709637593.9038723,551,1709637593,908049345,/world,-0.6653378332104671,-0.09698323264467582,0.005527054377176462,0.18850863480619323,-0.043939431852489816,1.0006925435687302
1709637593.934119,552,1709637593,938352346,/world,-0.651457785153901,-0.1119786207455582,0.0007766959732007309,0.17911672890774016,0.08612031242155142,0.9378837382431467
1709637593.9643695,553,1709637593,968655348,/world,-0.6424095459777711,-0.13384687395278846,-0.001488738116539128,0.21562093251168307,0.10918096972360165,0.9730816587829717
1709637593.9946225,554,1709637593,998958349,/world,-0.6455846126371018,-0.1533819534271488,-0.008596046052044157,-0.09338087712789944,0.09475583156415233,0.9187134850535198
1709637594.0248928,555,1709637594,29261351,/world,-0.6434704149785785,-0.16954804505247245,-0.002211633781035881,0.09359265317374463,-0.04462722356367284,0.9236459662945428
1709637594.0551825,556,1709637594,59564352,/world,-0.6407397749417573,-0.19017249249717,0.00561739564527316,0.3317393656122784,-0.04052723149664942,0.9809525536204443
1709637594.0854728,557,1709637594,89867353,/world,-0.6405748594197902,-0.20349196692744784,0.011275785510592704,0.801096499389952,0.029302837235572872,1.127874756544476
1709637594.1157446,558,1709637594,120170355,/world,-0.6106379826188493,-0.22316990896182587,-0.020988526193551793,-0.8909886359676237,-0.07938054998837046,0.811123491228343
1709637594.145997,559,1709637594,150473356,/world,-0.6230847815310097,-0.24489334926177866,0.00626762382693985,0.3750939716379186,-0.02029557121109854,0.9864071321488832
1709637594.1762655,560,1709637594,180776358,/world,-0.604134984220432,-0.25781143929358713,-0.018943496849288474,-0.8079334255228529,-0.20452699109463512,0.8949190391153908
1709637594.2065165,561,1709637594,211079359,/world,-0.6000354058957451,-0.28251096628577993,-0.003644112384495534,0.11706670084133775,0.06094988814011554,0.9626744950737508
1709637594.236762,562,1709637594,241382360,/world,-0.5915509218764857,-0.29599644215871296,0.0028619513644898616,-0.19766784458458986,-0.05697502199682904,0.8764455701371727
1709637594.2670147,563,1709637594,271685362,/world,-0.5773905676447977,-0.3160000110200653,-0.012750298146540844,-0.23323894842450413,0.0005182438885259696,0.9111973788508455
1709637594.297356,564,1709637594,301988363,/world,-0.5626698503275318,-0.3156972003671179,0.012473651924518553,-0.08173266730731371,0.3971115292664782,0.86049095791128
1709637594.3276184,565,1709637594,332292318,/world,-0.5589423821939923,-0.33620700473916243,-0.011194027955790357,-0.0019679123958818295,0.11266886236677365,0.913654029733496
1709637594.3578937,566,1709637594,362595320,/world,-0.5486395224064481,-0.35225069902637435,0.006181335035075409,-0.1842655457332651,0.014335352472159626,0.8134701867990255
1709637594.3881383,567,1709637594,392898321,/world,-0.5438715800930582,-0.3649911154304646,0.0022016736300868233,-0.04202254616220971,-0.0646342843263756,0.8243426044055132
1709637594.41842,568,1709637594,423201323,/world,-0.5300428980440578,-0.3762325105358267,0.006686744696818086,0.0759907762287113,0.15955343796505872,0.9448871853666007
1709637594.4487102,569,1709637594,453504324,/world,-0.518552722841605,-0.3987267305768537,-0.010108273090914315,0.2749999375164658,-0.04801048729464094,0.985133608180835
1709637594.4790282,570,1709637594,483807325,/world,-0.5077712646616269,-0.41086433562781666,0.009222468701615253,-0.01407837807255058,-0.09587382382119006,1.0006970550126042
1709637594.509259,571,1709637594,514110327,/world,-0.4845859409374856,-0.42398557251473085,-0.00531744824372345,-0.23308965351273328,-0.07122868670847152,1.0206023076247963
1709637594.5395648,572,1709637594,544413328,/world,-0.4765156872357659,-0.4408095470151344,0.01602362489622945,0.40712468355186326,0.21816294025811886,1.1067384080229485
1709637594.5698428,573,1709637594,574716330,/world,-0.4529323307278113,-0.4559484971661698,0.005620623585148962,0.05593502553563556,-0.057463662155628675,1.105234915766084
1709637594.6001112,574,1709637594,605019331,/world,-0.4376348648371695,-0.46473383790174055,0.005358012983241571,0.01403221099504201,0.019093763945338835,1.1002708946391169
1709637594.6303663,575,1709637594,635322332,/world,-0.4104408864122851,-0.4815685508112319,-0.0042151703881918344,0.02105604124598889,0.022416948147373696,1.0059001870847926
1709637594.6607006,576,1709637594,665625334,/world,-0.4071089680665516,-0.49642559469601133,-0.010389736269211265,0.21591913006029823,0.20156689165382335,0.9153584380047217
1709637594.6909542,577,1709637594,695928335,/world,-0.39460375120995317,-0.503410987919493,-0.0027308633352307625,0.04615054800108548,0.02305016921141767,0.8388560765404007
1709637594.7212498,578,1709637594,726231337,/world,-0.3863679208266183,-0.5153526883444887,0.0011076239476848896,0.08334598304355208,-0.14143705990396532,0.7530559307238072
1709637594.751495,579,1709637594,756534338,/world,-0.37672638377144263,-0.5210478330298977,0.004075989179604667,0.052491034251775,0.021139628416217443,0.8532106520153403
1709637594.7817883,580,1709637594,786837339,/world,-0.3580068276523048,-0.5291305082039763,-0.005654008022712361,0.0411434327692628,-0.01687667321700586,0.8304390399723769
1709637594.8120477,581,1709637594,817140341,/world,-0.349490314890703,-0.540011569660302,-0.006318510497936007,0.0018621033667428136,-0.16529848262884328,0.8682619715132385
1709637594.8423088,582,1709637594,847443342,/world,-0.3389234535297238,-0.5472705230562565,-0.012589405683793974,-0.07163395922589702,-0.22802072247561903,0.922758581259935
1709637594.8725626,583,1709637594,877746344,/world,-0.3188059534088842,-0.562083433380933,-0.01000653375618832,-0.08310422216297847,-0.03181262325459647,0.8955841798131203
1709637594.9027987,584,1709637594,908049345,/world,-0.3081028514479826,-0.5712099898567048,-0.004885056114564988,-0.018475421587345345,-0.12621972398053777,0.9387313604552812
1709637594.9330544,585,1709637594,938352346,/world,-0.2868741782028029,-0.5828301487763005,0.0024389276816868654,-0.19200110509628837,-0.36205972760061167,1.080618857505506
1709637594.9633408,586,1709637594,968655348,/world,-0.2606886127801007,-0.5906674939964002,-0.01344744722062788,0.12051681095891181,0.09252674177652181,1.0368861194580081
1709637594.9935524,587,1709637594,998958349,/world,-0.24509080002280564,-0.5900426211589325,-0.004755707062743565,-0.25568623073364927,-0.37748966137597784,1.0966770698890276
1709637595.0239038,588,1709637595,29261351,/world,-0.21833179569683928,-0.6097234741366093,-0.01684111308465662,0.037682765765623905,0.2769245990335184,0.9268174455264815
1709637595.0541878,589,1709637595,59564352,/world,-0.20452303530622268,-0.616100378077565,-0.013104605496064688,-0.21068979306308416,-0.47293923794387593,1.0368265181179788
1709637595.0844848,590,1709637595,89867353,/world,-0.18393269974828952,-0.6244776004247252,-0.012212759524928615,-0.03229685233921864,0.1674604449488718,1.0222161688298093
1709637595.114733,591,1709637595,120170355,/world,-0.16093130305466652,-0.6284800912172432,-0.008683433747774805,0.016536525524510452,0.015301413756084847,1.0555854266076987
1709637595.1450706,592,1709637595,150473356,/world,-0.13839862733924171,-0.6313527338240909,-0.013246885894425535,-0.054657912503459076,-0.1793178014050306,1.1307739083603001
1709637595.1753755,593,1709637595,180776358,/world,-0.11015928068853872,-0.6346598400439358,-0.005855709592752938,-0.06176387574037298,0.035785198551901376,1.1153080130870634
1709637595.205771,594,1709637595,211079359,/world,-0.08625045462106193,-0.6489364148658071,-0.013359261374788996,0.1433351953892289,0.09789254357040016,1.2060778881649254
1709637595.2361112,595,1709637595,241382360,/world,-0.06177365919289621,-0.6467254406840726,-0.009421286767071588,-0.13012005763129775,-0.19693744004042668,1.1981299138871064
1709637595.2663608,596,1709637595,271685362,/world,-0.043728801257145,-0.6467693865849946,-0.007778984142987937,-0.05727199850597066,-0.12944029150710623,1.1864557244417973
1709637595.2967248,597,1709637595,301988363,/world,-0.01826707017749866,-0.6472635182076555,-0.01114382619039548,-0.027338353252604825,-0.06537384507485483,1.2016932674401606
1709637595.3270214,598,1709637595,332292318,/world,0.006531806749704178,-0.6460062221474576,-0.01448999616855705,0.005866689477953945,-0.15232792923516436,1.2196602551214357
1709637595.3572693,599,1709637595,362595320,/world,0.03853853072149298,-0.6505207643087453,-0.013755644901066335,0.16093555897991288,0.24588947559171898,1.2115119256669473
1709637595.3875906,600,1709637595,392898321,/world,0.06127330885552261,-0.6448809678772022,0.0016769436498179774,-0.12659779770115567,0.24858525618527672,1.159286117110606
1709637595.4178474,601,1709637595,423201323,/world,0.08490717316425174,-0.6328585143149107,0.004008775829755712,-0.2569832698535939,-0.08796141163195326,1.2799070590600115
1709637595.448199,602,1709637595,453504324,/world,0.10249889496332076,-0.6328684965174484,-0.004432626411266805,-0.027990373687423575,-0.03357450725166057,1.2615927563205789
1709637595.4797382,603,1709637595,483807325,/world,0.12148398186191578,-0.6260311171083364,-0.01628733576995194,0.030853294339388403,-0.21697563372727618,1.2206060943000803
1709637595.5100734,604,1709637595,514110327,/world,0.14591417176714805,-0.624827136830036,-0.006617565907402371,0.008940920608159215,0.0361267156460609,1.2281639183911954
1709637595.5403595,605,1709637595,544413328,/world,0.18005760867637394,-0.6186898218986673,-0.0019484080955722372,0.05230914410843624,0.23277215629162507,1.1292240430643556
1709637595.5705209,606,1709637595,574716330,/world,0.1951781355502549,-0.6199026532554206,-0.008821748151244112,0.2079884306993317,0.021015581219130636,1.0540572664980417
1709637595.600774,607,1709637595,605019331,/world,0.2156324070495189,-0.6102461771111694,-0.0009465825340917149,0.06515909934499772,0.20426356537120205,1.073409158516955
1709637595.6310675,608,1709637595,635322332,/world,0.22471192780939742,-0.6007063831681191,-0.008160024728062508,0.0020732784046090663,-0.2053582072980259,1.1377810564820732
1709637595.661339,609,1709637595,665625334,/world,0.24064757156454603,-0.5867754916552279,-0.008820856186302633,-0.047652851076842306,-0.3004995516550541,1.2340792212740064
1709637595.6916103,610,1709637595,695928335,/world,0.2720940422326942,-0.5751979958238187,0.0014444774905907152,0.11903661042805591,0.01699845444371406,1.0868631288792692
1709637595.7218099,611,1709637595,726231337,/world,0.2922676808170629,-0.5698652744973443,-0.02158417881126133,0.0870068608653738,-0.7455940653984324,1.145729626794651
1709637595.7520192,612,1709637595,756534338,/world,0.31269287859298495,-0.5568352724976599,-0.011497010872856778,-0.22150163496322495,0.00036464843032979477,1.11453775519282
1709637595.782289,613,1709637595,786837339,/world,0.3381424899032258,-0.5472259534392728,-0.002109344125878777,0.3384952269321462,-0.39418724261637705,1.2309645131747866
1709637595.81248,614,1709637595,817140341,/world,0.353577715938179,-0.5334945788881479,-0.007616059048926728,0.02771851171323758,-0.26657075825308196,1.184178802655994
1709637595.842707,615,1709637595,847443342,/world,0.3697156645706358,-0.5165865267427817,-0.003999655996552806,0.08207167656934233,0.02365932581852004,1.1945517081756574
1709637595.8729148,616,1709637595,877746344,/world,0.39183285866771567,-0.5033546039633973,-0.006233488800351656,0.020186048663142303,0.03104080699579023,1.2430664109782978
1709637595.9031801,617,1709637595,908049345,/world,0.4078928750502314,-0.4923116733835249,-0.004279983513866461,-0.003145616011975553,0.01712067834206568,1.2660817255307582
1709637595.9334192,618,1709637595,938352346,/world,0.4294726405307692,-0.4697856391778691,-0.002018532869779542,0.014106262233974147,-0.03763793724361941,1.23817338349335
1709637595.9636421,619,1709637595,968655348,/world,0.44749870812094344,-0.45783567750613563,-0.009298032510964654,0.08678258276091497,-0.08279908969435561,1.3339203467203404
1709637595.993871,620,1709637595,998958349,/world,0.4649752199257458,-0.4301548510338244,-0.006123629084642597,-0.07224696458928079,-0.03873523718526494,1.3135947847608311
1709637596.024128,621,1709637596,29261351,/world,0.47661930789408063,-0.40934502943483714,-0.004949589188047382,-0.06210183749518586,0.017539939991787254,1.2219932674197467
1709637596.0543983,622,1709637596,59564352,/world,0.4879874930728104,-0.3975539283565004,-0.0010120079548435077,2.6410372205465382e-05,-0.057152714077225136,1.2188901920833026
1709637596.0846686,623,1709637596,89867353,/world,0.5043983315156673,-0.38057170297531595,-0.004430509687769287,-0.010420422785123389,0.045188412909827766,1.2426820826497957
1709637596.11495,624,1709637596,120170355,/world,0.5208286674102338,-0.36007206681145204,-0.0018433203928967848,-0.12728404759905715,0.022510512333245965,1.1736603663688436
1709637596.1451578,625,1709637596,150473356,/world,0.5306908780046388,-0.3472016283356705,-0.004587877072485733,-0.09513652543337683,0.12882367658342564,1.2188458892986382
1709637596.1754324,626,1709637596,180776358,/world,0.5420914507388318,-0.32063355769117435,7.084654810947996e-05,-0.3372976312458933,0.29956568402190764,1.2406140321516006
1709637596.2056704,627,1709637596,211079359,/world,0.5491692612443311,-0.2980276272071213,0.0068179346570241125,0.07504636109726437,0.041615043926323814,1.227139032514645
1709637596.235932,628,1709637596,241382360,/world,0.5607891290096058,-0.2842829488739879,-0.009540762577838601,0.07230580780232163,-0.0995829719951068,1.281676953747665
1709637596.2662268,629,1709637596,271685362,/world,0.5739179278724191,-0.2622056389174297,0.001990399251947054,0.00834402127140954,0.11764611444924686,1.2600256247073858
1709637596.296514,630,1709637596,301988363,/world,0.5831456603540034,-0.23960632486150837,-0.0076198673357568275,0.06756114848298347,-0.09324028238358253,1.2591165821592585
1709637596.3268073,631,1709637596,332292318,/world,0.5935291171880404,-0.21329104011043487,0.0016076315637370414,0.046313679951561396,0.052246598701440966,1.2962249510489658
1709637596.35708,632,1709637596,362595320,/world,0.6007078212303789,-0.18701635224463833,-0.0010313255360194433,-0.16216797082620305,0.0936388163108052,1.254292535657175
1709637596.3873737,633,1709637596,392898321,/world,0.6032128306056613,-0.1650509885074406,-0.008086772478229554,0.10979678732874226,-0.09188736478220783,1.303314278582137
1709637596.4181626,634,1709637596,423201323,/world,0.6085676816464649,-0.14362603839327923,-0.002939218473938256,-0.007466689573940213,-0.10395905666990325,1.2506671895085133
1709637596.4484148,635,1709637596,453504324,/world,0.6160374460544751,-0.12073209607044545,-0.002295739540695072,0.2018500522568758,-0.05968061353659755,1.2036938917407198
1709637596.4792402,636,1709637596,483807325,/world,0.6223978059152798,-0.10151276682376226,-0.009365865876600737,-0.10989807047612948,-0.05608270275026404,1.2754078496731618
1709637596.5095577,637,1709637596,514110327,/world,0.6293119412862518,-0.07216521956351703,-0.0015936117673259372,-0.5449480312846766,0.2747842860878496,1.2319523551977674
1709637596.5398536,638,1709637596,544413328,/world,0.6252218879006757,-0.05096456894251615,-0.0028314946187709225,0.11946441026143872,0.02835818112163846,1.2317758556131304
1709637596.5701141,639,1709637596,574716330,/world,0.624214851324241,-0.031017654903055747,-0.0026796554479326462,-0.44425382042984396,0.015114545250152777,1.2542798736717709
1709637596.6003928,640,1709637596,605019331,/world,0.6308123615379051,-0.0008420780014735951,-0.0137624401461886,0.469081574843097,-0.040728372183757244,1.2123544404353646
1709637596.630674,641,1709637596,635322332,/world,0.6297465985366075,0.018007783225115037,-0.0036372255950984263,0.286341434300635,-0.048413343210223586,1.305802448769632
1709637596.6610312,642,1709637596,665625334,/world,0.6192335283076219,0.03904679604584227,0.013423444709685865,0.11049002642739231,-0.1915646338613396,1.2269698314771833
1709637596.69131,643,1709637596,695928335,/world,0.621583224768042,0.06953232965855356,0.009016616102005352,-0.5135778343987334,0.033831569772918596,1.237907142337004
1709637596.721635,644,1709637596,726231337,/world,0.616518780269128,0.08632208919381885,-0.0015289980268982598,-0.052870378319940015,-0.02557491181627966,1.311569986317001
1709637596.7519429,645,1709637596,756534338,/world,0.6110067099003116,0.11402802102309244,-0.013288425459278419,0.501032938406612,-0.011563494490278953,1.2940507069804998
1709637596.7827406,646,1709637596,786837339,/world,0.600853875468141,0.13588700258669553,0.015512367770158764,-0.8816343910107708,0.051220480252229764,1.2850336284463861
1709637596.8130224,647,1709637596,817140341,/world,0.6056014975719158,0.1525108410514961,0.00854374783354538,-0.2030766086174458,0.1537045668585464,1.289714793292985
1709637596.843279,648,1709637596,847443342,/world,0.599836176008296,0.1823279787645391,0.01060047416319877,-0.1955480405316081,0.13858612146472712,1.2200474057950916
1709637596.8735185,649,1709637596,877746344,/world,0.5906780957798944,0.20943948433806278,0.004727335372217878,0.03220416043573465,0.13722071492576673,1.2463575564150609
1709637596.9037898,650,1709637596,908049345,/world,0.5764964509788846,0.22253922464117848,0.0015444705393805372,0.10043538206549935,0.012872143289902493,1.333619069344961
1709637596.9340098,651,1709637596,938352346,/world,0.5648770969235904,0.25190471798580827,-0.008063891229760492,0.23753522525296933,-0.06337746793064652,1.253469854282648
1709637596.9642491,652,1709637596,968655348,/world,0.5555618366214006,0.2749217164577504,-0.0027559178178997003,0.18056072525901543,-0.002934113318792904,1.3867647409887651
1709637596.994561,653,1709637596,998958349,/world,0.544594085618994,0.3006810789638331,-0.0019229139579567604,0.07600909270328308,-0.09059604428347062,1.396685638364244
1709637597.0248551,654,1709637597,29261351,/world,0.52706675546499,0.3251879922070302,0.009554852176980799,-0.03277422728894189,0.017702745278183232,1.3814295316317233
1709637597.055233,655,1709637597,59564352,/world,0.5130567816883995,0.34801138635095497,0.005115036044128403,0.07863840602060264,0.0005329802779879961,1.3612957458797192
1709637597.0855694,656,1709637597,89867353,/world,0.49578357507370907,0.3661744739194367,0.0008534590697142994,0.1399379288556735,-0.16337840002091936,1.527157229182418
1709637597.1158319,657,1709637597,120170355,/world,0.4765125946330534,0.38155106368311126,0.006547732147867807,-0.15818939026008408,-0.03166113415696514,1.3899300974792852
1709637597.1460826,658,1709637597,150473356,/world,0.4603091961333924,0.40182029717835543,0.0012686415731259521,-0.03456093028485878,-0.17297948056956733,1.2823993105748184
1709637597.1763809,659,1709637597,180776358,/world,0.43774801482750303,0.4235025268731434,0.014082262608161127,-0.1703112987165405,-0.1798274654739009,1.4416694010657611
1709637597.2066977,660,1709637597,211079359,/world,0.42129905550983404,0.4421115323580521,0.0032601086910334434,0.06814796527915956,-0.02156042602466024,1.2511749617529737
1709637597.2371604,661,1709637597,241382360,/world,0.4081071422152621,0.45272481453406704,0.011403607604299155,-0.05914085813296796,-0.15526519708327308,1.3683559897804465
1709637597.2674725,662,1709637597,271685362,/world,0.3850030941987728,0.46706829252340215,0.01357946085077061,-0.16863626970047912,-0.08300607897871556,1.355230868595934
1709637597.2977529,663,1709637597,301988363,/world,0.36479747357579423,0.47905345376938063,0.009125136924719376,-0.007619845092352168,0.061951847267490034,1.334660384026033
1709637597.328018,664,1709637597,332292318,/world,0.34777317850188516,0.494489162335451,0.0020247377036655594,0.09553385341617629,0.013335831479364381,1.3367585718746748
1709637597.3582273,665,1709637597,362595320,/world,0.32117053518494737,0.5120656358771771,0.014824146659656812,-0.13190687283171415,-0.14426394056968347,1.301796813874945
1709637597.3885195,666,1709637597,392898321,/world,0.3013727785437674,0.5202508562537603,0.013827279320863962,-0.08572601101120902,-0.13874750346959228,1.3029849427772926
1709637597.4189076,667,1709637597,423201323,/world,0.2823982787385673,0.5318532653562814,0.009352637788836332,0.0006902785459290822,-0.031791999251149186,1.375486172638158
1709637597.4491746,668,1709637597,453504324,/world,0.26012971076816827,0.5428940171976547,0.006906188601220851,0.06323906222995852,-0.08201118605700418,1.2965089972877446
1709637597.479436,669,1709637597,483807325,/world,0.239276058671453,0.5447971663363329,0.012482749656459832,-0.12983400035337117,-0.050196496889299086,1.3366285553847348
1709637597.5097668,670,1709637597,514110327,/world,0.21467942132266496,0.557763482931778,0.007367449450393068,-0.06637286285364338,-0.09936000971208929,1.2487468629588943
1709637597.5400622,671,1709637597,544413328,/world,0.18971021096519103,0.5689163981775202,0.010609622781701092,0.048485126439094944,0.2494161913308171,1.2474267784230697
1709637597.570976,672,1709637597,574716330,/world,0.17273467890943842,0.5781293547187519,0.003830510612675489,0.0030073463225900737,-0.0429943270484755,1.332351440066938
1709637597.6013181,673,1709637597,605019331,/world,0.13942949033828697,0.581640980494958,0.0016761917961222168,-0.11678615430531286,-0.1665045793365309,1.3214575118981786
1709637597.6315925,674,1709637597,635322332,/world,0.12889337503221437,0.5872666306639847,0.005544865696922996,-0.13530218684235132,0.040604902241671764,1.386682851557921
1709637597.6619458,675,1709637597,665625334,/world,0.1072676882497335,0.576759458606668,0.009564513095024202,-0.013171079952663117,0.03336749422151797,1.303789173691855
1709637597.692193,676,1709637597,695928335,/world,0.08072180171559783,0.590152798783212,0.0060605747744997725,-0.04295578113091128,-0.003527566752703,1.3310560866965004
1709637597.7224493,677,1709637597,726231337,/world,0.04894682327832595,0.5857200172016278,0.015194904367604406,-0.026313847970441152,-0.20631395581139914,1.2909542352286902
1709637597.752874,678,1709637597,756534338,/world,0.03447906815576836,0.5836783480606538,0.0042746935395778975,-0.0586863051100882,-0.16327919060234153,1.2580811706732875
1709637597.7831235,679,1709637597,786837339,/world,0.0032928257953540457,0.5842530840702704,0.007969916784290003,0.0429133570169971,-0.13380244763466426,1.2813869811792853
1709637597.8137045,680,1709637597,817140341,/world,-0.017340916847597435,0.5774279763527347,1.640825324556068e-05,0.18170700922375316,-0.14950499711714804,1.2974708543636022
1709637597.8440206,681,1709637597,847443342,/world,-0.030424178658085756,0.5805695398912438,0.00572036245560222,-0.13398719774329432,0.15839724407747152,1.3321033225157064
1709637597.8743315,682,1709637597,877746344,/world,-0.05846197034828564,0.575948273992501,0.010361063546179997,-0.08621899474916253,-0.3867062819520612,1.3171294274920895
1709637597.9046443,683,1709637597,908049345,/world,-0.08603356407765406,0.572999787321764,0.013252011772935756,-0.10799110240097956,-0.09567086621194909,1.286114923085348
1709637597.9350464,684,1709637597,938352346,/world,-0.11677215671168428,0.5547195804102332,-0.015205875204130281,0.18298186121815632,1.1853992268417244,1.0892224570126978
1709637597.9652982,685,1709637597,968655348,/world,-0.12932792088929657,0.5595802663520069,-0.000965588637170273,-0.09725797233742187,0.5083224566032796,1.2471167073779759
1709637597.9955869,686,1709637597,998958349,/world,-0.15221560354321195,0.5548527038109282,-0.0013114619361651535,0.08042440774770446,-0.04586021384376171,1.2141775255161258
1709637598.025886,687,1709637598,29261351,/world,-0.16662517931449744,0.5444977226222237,0.0014294552078117318,0.03423839418286206,0.16071843779414524,1.247481542194326
1709637598.0562534,688,1709637598,59564352,/world,-0.19061283919015193,0.534744663037698,0.012177309533178617,-0.08433517013237421,-0.10160025519886218,1.3023639886821639
1709637598.0865211,689,1709637598,89867353,/world,-0.21320534865957244,0.5265430479080379,0.0020712536552160137,-0.021318036677622595,0.09397419674701091,1.196621926962167
1709637598.1169515,690,1709637598,120170355,/world,-0.22728360791020577,0.522525942266957,0.004264238304877779,0.022800689647795823,-0.011578899489666561,1.3057813807642742
1709637598.1472251,691,1709637598,150473356,/world,-0.25217574095855744,0.5140858791898928,0.004688772170713671,-0.055103330286964645,-0.04302608910151401,1.2763214297083758
1709637598.17748,692,1709637598,180776358,/world,-0.2703221314075966,0.5071875501944677,0.001525101681118597,-0.08595800864974784,0.0355935352800273,1.235312929447992
1709637598.2077947,693,1709637598,211079359,/world,-0.2864266359779298,0.4894023393342491,0.002145877030924305,0.02691157019677863,0.09265902039768467,1.2581372196549747
1709637598.2381096,694,1709637598,241382360,/world,-0.31162837635454715,0.47300543069801787,0.007840070535674034,-0.009818121760649043,0.09030281357239703,1.3070783029145068
1709637598.2683961,695,1709637598,271685362,/world,-0.31780305543983917,0.46044030467757596,0.0030198024011669254,0.12051403257961298,-0.16432278635683076,1.1932799821174502
1709637598.2986605,696,1709637598,301988363,/world,-0.34393648242205355,0.45460033690873464,0.005091504188452485,-0.13789277495706387,0.13336534024305077,1.3270119611981268
1709637598.3289287,697,1709637598,332292318,/world,-0.3584607640932911,0.43766671081521163,-0.00022695331102393686,-0.194897963720874,0.22365711082693762,1.293117502768656
1709637598.3593128,698,1709637598,362595320,/world,-0.3821785368115007,0.4283261508432088,0.0029775073984164503,0.07604068173760306,-0.0651507453678063,1.2249116950407044
1709637598.3895996,699,1709637598,392898321,/world,-0.38771036467021774,0.4118347579460819,0.0035739392273813615,-0.1799161853451071,0.09809575840763451,1.3255578934889727
1709637598.4198656,700,1709637598,423201323,/world,-0.4149579639973131,0.3944911964337837,0.0011437449097735095,0.07444427478867402,-0.1360701235930356,1.2792592494504897
1709637598.450191,701,1709637598,453504324,/world,-0.42102747881174124,0.3703908891662456,0.008701483614203129,0.018959699917595843,-0.03874139217894293,1.2466180733394128
1709637598.4804726,702,1709637598,483807325,/world,-0.44037175090409825,0.35712815096727873,-0.0020188476683036197,-0.1499484004979187,0.31008674166597194,1.1707204069094999
1709637598.511161,703,1709637598,514110327,/world,-0.44684831691288196,0.34455853706890394,0.008194119835530384,-0.03259775990966189,-0.00575915906905089,1.3070488755936127
1709637598.5413926,704,1709637598,544413328,/world,-0.4618835778515272,0.325712621479479,0.0022370791794109647,0.21915134410640613,-0.16136806809231796,1.3481200334676533
1709637598.5716264,705,1709637598,574716330,/world,-0.4745014185157037,0.3147210175565543,0.005164493479360375,-0.016418196323201406,0.036721190284328326,1.3727377859986885
1709637598.6018565,706,1709637598,605019331,/world,-0.489618635888969,0.2887024028610216,0.005698293564190002,0.17036635012452883,-0.1940648225463951,1.2524078375747658
1709637598.6321013,707,1709637598,635322332,/world,-0.4999310894631979,0.26938388023538706,0.005805842698909841,0.06493405506018103,-0.12442510928183542,1.255769011115509
1709637598.6622906,708,1709637598,665625334,/world,-0.5048580374770205,0.24671673511680894,-0.00047331118647257146,0.10851831547111496,-0.04829823428789756,1.2835606121495335
1709637598.6925645,709,1709637598,695928335,/world,-0.5212417980471604,0.23370451934160996,-0.00028963431019113595,-0.061361279196663676,-0.0013182811097127434,1.272159212891703
1709637598.722776,710,1709637598,726231337,/world,-0.5248503903517219,0.21325708873893767,0.002598876866650405,0.07546773032522364,-0.056468896244722525,1.2413994317112618
1709637598.7530289,711,1709637598,756534338,/world,-0.5414362212591742,0.1958124738385647,-0.00011064694002864634,0.01360501911312164,-0.16901328795691628,1.323063421940286
1709637598.7832386,712,1709637598,786837339,/world,-0.5562538838761008,0.15817463288799483,-0.007109819877498454,0.02934233148585773,-0.17325324792583716,1.3690070879283447
1709637598.81346,713,1709637598,817140341,/world,-0.5519296252336517,0.14509262538528153,0.00824674508271006,0.1785542874413904,-0.208574116341465,1.3817504188530148
1709637598.8437614,714,1709637598,847443342,/world,-0.5545665259241215,0.13115912892570725,-0.004218886424790461,-0.13313986616913337,-0.021938380332878926,1.3623997244431019
1709637598.8740737,715,1709637598,877746344,/world,-0.562416330054876,0.10310634597909026,-0.0043235422095681585,-0.17490343184187915,-0.0004974558960870352,1.3100955021759315
1709637598.9046917,716,1709637598,908049345,/world,-0.5746651078093514,0.08050001599539577,-0.0005456978850300483,-0.0799206886610042,0.15834186140975065,1.4686755040543145
1709637598.9350054,717,1709637598,938352346,/world,-0.5726449608130525,0.06312167464409106,-0.005951191947932791,0.22435631079019125,-0.17608628450236796,1.2718681148308966
1709637598.9653056,718,1709637598,968655348,/world,-0.5741195531850236,0.03616588900928478,0.002281846457825625,0.5047103136660621,-0.1376674476166867,1.272530909083432
1709637598.995567,719,1709637598,998958349,/world,-0.5738056428758722,0.002805453641680701,-0.013278375811405323,0.35775689589639104,0.16643980916523338,1.1653755788476179
1709637599.0258691,720,1709637599,29261351,/world,-0.5764958014167284,0.002326941208868541,0.0015710573534161946,-0.3218228992893314,-0.032083600487630815,1.412465756787176
1709637599.0560644,721,1709637599,59564352,/world,-0.5747568402740969,-0.02831639762011227,-0.00020734635855004509,0.11852892413410837,-0.01813004273189426,1.3049890741684507
1709637599.086341,722,1709637599,89867353,/world,-0.5712968488051565,-0.05266705366079692,-0.006538905562851302,-0.1258886896816665,0.049732237522331184,1.31944535405999
1709637599.1165993,723,1709637599,120170355,/world,-0.5654493658800714,-0.07831197639790691,0.0027251305421880255,0.2025514386297781,0.11888476161525921,1.3987144268280356
1709637599.1469123,724,1709637599,150473356,/world,-0.5649608495968041,-0.10360799754380834,0.0008405779207896849,-0.051098913551246516,0.022285893684263924,1.2525408215820386
1709637599.1771638,725,1709637599,180776358,/world,-0.5610926491100837,-0.11627100045688325,-0.0005534594375645576,0.09409201326070041,-0.00043761630678206334,1.2914170459156764
1709637599.207436,726,1709637599,211079359,/world,-0.5527642351767633,-0.14808602288198572,-0.0003957979392502305,0.15368798579230475,0.11120193378610735,1.3496442780641578
1709637599.2379336,727,1709637599,241382360,/world,-0.5320902621543675,-0.16647296053692692,0.005559320475462621,0.1603446541313697,0.045049687438273034,1.3291129982893595
1709637599.2681842,728,1709637599,271685362,/world,-0.5347986834194334,-0.1797066682703457,0.0037470626169786667,0.07630542311933418,-0.08002494109487274,1.2776690338380947
1709637599.2984495,729,1709637599,301988363,/world,-0.5121366419271351,-0.20738803644600248,-0.0007220244525835331,-0.4459750294630628,-0.052344555734065865,1.2287387509862415
1709637599.3288383,730,1709637599,332292318,/world,-0.5007210200796313,-0.2266661709864827,-9.861888339319179e-05,-0.10962954147170523,0.035317397640421536,1.2495634409909786
1709637599.3591168,731,1709637599,362595320,/world,-0.48591047788499325,-0.23508265724776875,0.002926827851892177,-0.25993705668100253,0.021425674293186838,1.2311596684661186
1709637599.3893337,732,1709637599,392898321,/world,-0.4757895845013127,-0.2509039781534883,0.004034768794376831,0.00661190008009388,0.057980315659915196,1.2486476362246457
1709637599.4196205,733,1709637599,423201323,/world,-0.4519249320307314,-0.2722780985891398,0.0017996520095895936,-0.1464877679938675,-0.02411636170547543,1.1964410464553674
1709637599.449895,734,1709637599,453504324,/world,-0.4449940516384332,-0.2785554777928597,0.0007215435599664029,0.047758801121135896,0.0005038160650062615,1.2663700575302013
1709637599.4803505,735,1709637599,483807325,/world,-0.4388066519387102,-0.2913703916766454,-0.0011647443451684978,-0.07275082350719939,-0.1163691162212531,1.2193373501514544
1709637599.5105906,736,1709637599,514110327,/world,-0.41352217932696606,-0.31250616807662634,0.004782679449520779,0.37885751044392624,0.16582332671991704,1.2318205194175833
1709637599.54084,737,1709637599,544413328,/world,-0.398686211250559,-0.32946257487894653,-0.0020088205258287344,-0.008112784466377476,-0.07138090964049704,1.082927383051381
1709637599.571161,738,1709637599,574716330,/world,-0.39599633180233695,-0.33744289750313367,-0.004232081890463928,0.08028743700413327,0.08556788081300143,1.080592814725561
1709637599.6014206,739,1709637599,605019331,/world,-0.37909986343108937,-0.35154254662662543,-0.0038601973826407152,-0.025395398459571797,-0.23040681850719252,1.2334595008855573
1709637599.6316683,740,1709637599,635322332,/world,-0.3682378412014353,-0.3622180499706659,0.00914097881783049,0.5065304331312678,0.3089698384236525,1.2072111381997028
1709637599.6619928,741,1709637599,665625334,/world,-0.34615562623282153,-0.3699783469309899,-0.001918089221990684,0.058572582699455145,-0.014905143642920504,1.2753780287295293
1709637599.6923306,742,1709637599,695928335,/world,-0.33252179752197675,-0.38256089532974935,-0.0020708632212506524,-0.05123233166530583,-0.025680012037873148,1.3314871750145203
1709637599.7225885,743,1709637599,726231337,/world,-0.31603992832798494,-0.3967569673136783,0.0014677044463471652,0.03016755951466374,0.0553329100412801,1.2465385508452107
1709637599.752883,744,1709637599,756534338,/world,-0.2990200106673382,-0.4070325167095273,-0.0025542854156832403,-0.09254599018914736,-0.19670829818473734,1.1804371595823537
1709637599.7832453,745,1709637599,786837339,/world,-0.2814942779575653,-0.4128468470123367,-0.009156218063443543,-0.09477572412844895,0.10796471924155082,1.1657973682253575
1709637599.8135166,746,1709637599,817140341,/world,-0.27053424734749487,-0.42372490364305415,-0.0002426881658076814,-0.04081600435985198,-0.026446851220205486,1.2046147523177064
1709637599.843734,747,1709637599,847443342,/world,-0.24912711192018597,-0.4324417780275243,-0.0038044701361323813,0.06627129061886361,0.19397334563664645,1.0836294247960958
1709637599.874008,748,1709637599,877746344,/world,-0.23435194778910032,-0.43623456162542773,-0.011019799495190327,-0.018827651495302064,-0.07475546386472251,1.1289705235817213
1709637599.904306,749,1709637599,908049345,/world,-0.21723784903574855,-0.4431926617614457,-0.004002670049064491,-0.014547459554597575,-0.05419712148181431,1.16845267122761
1709637599.9345748,750,1709637599,938352346,/world,-0.20472130762736995,-0.4551402190985458,-0.003387641838578639,-0.04772018123579188,-0.06599205795325047,1.0717083375053558
1709637599.965861,751,1709637599,968655348,/world,-0.19154541949806073,-0.4575332658698867,-0.007022763512645882,-0.054939562167842626,-0.18515086483310111,1.0795539584652531
1709637599.9961145,752,1709637599,998958349,/world,-0.1759513376452018,-0.4688427519369158,-0.008626529035356824,-0.0797506607871869,-0.1305429589685382,1.1283134810013415
1709637600.026361,753,1709637600,29261351,/world,-0.16325205648397956,-0.47717776341541535,-0.0019299663138275438,0.1795203207401097,-0.28875896365279696,1.2690749540044242
1709637600.056706,754,1709637600,59564352,/world,-0.14147836498050453,-0.4805857315626901,-0.013198795811978197,-0.19952534118185256,-0.4046199831908346,1.046822418179681
1709637600.0870547,755,1709637600,89867353,/world,-0.12188274752636022,-0.4817080362087788,-0.015017719361095258,-0.10391573984541666,0.2921700292890149,1.0176697499042344
1709637600.117296,756,1709637600,120170355,/world,-0.11323398782542554,-0.49411366243440447,-0.0038116472287121252,-0.08313712126691336,-0.6789028250457483,1.1270699083425715
1709637600.1475606,757,1709637600,150473356,/world,-0.09506716392510658,-0.5022360575077768,-0.001849581390570417,0.18947829780101694,0.0750516109786239,1.2641567472393185
1709637600.1778505,758,1709637600,180776358,/world,-0.07043585405112071,-0.5066311422661754,-0.014957198094086462,-0.14952763058548796,0.1721940983000402,1.1198655180451762
1709637600.2081,759,1709637600,211079359,/world,-0.05885975071945545,-0.5165584301610138,-0.008420227101098403,-0.014121063619076751,-0.04697405677900807,1.1827625337402161
1709637600.2384155,760,1709637600,241382360,/world,-0.03648606614848649,-0.5239312548315731,-0.013246811205297582,0.013054592218609086,-0.0638564815374144,1.2688844859844002
1709637600.2687128,761,1709637600,271685362,/world,-0.01790250534474116,-0.5308191126776332,-0.01264404042517544,0.037618805239443734,0.008331035084652369,1.2206591909698912
1709637600.2989862,762,1709637600,301988363,/world,0.006252293813661158,-0.5244628100563539,-0.016531947570252902,-0.15742415544126764,0.08031135764617069,1.2743873802934313
1709637600.329202,763,1709637600,332292318,/world,0.031692744036958646,-0.5238698190939691,-0.005567851694248581,-0.04056696829452035,0.05944241014655177,1.2149419242325004
1709637600.3594863,764,1709637600,362595320,/world,0.04426115735637219,-0.5230839370060008,0.004824153608394364,0.039866167012618955,-0.033434344845979486,1.2054132770517874
1709637600.3897285,765,1709637600,392898321,/world,0.05919514094083679,-0.5259068525501214,-0.012766511344343475,-0.015536137549453322,-0.051080598033685906,1.2519925479594145
1709637600.4200408,766,1709637600,423201323,/world,0.08228700082838451,-0.5247624116449751,-0.005034341570048628,-0.018371116479488817,-0.07766739057405966,1.2760936574104254
1709637600.4503016,767,1709637600,453504324,/world,0.10792436708565303,-0.5235741093081293,-0.01410935981906022,-0.09483618221938798,-0.02083478884990781,1.1957365223884944
1709637600.4807265,768,1709637600,483807325,/world,0.11904901671727261,-0.521186991925887,-0.011084914516762023,-0.0818888296179923,-0.13766901229361228,1.299522266626235
1709637600.5109665,769,1709637600,514110327,/world,0.14641683283101295,-0.5184305704363885,-0.006684499192998176,0.02496465445800955,0.08781457917767291,1.204993641340463
1709637600.54121,770,1709637600,544413328,/world,0.1616907515397971,-0.5096177531798617,0.007739404437726262,-0.0640588872644091,0.3020146940133915,1.185198921494686
1709637600.5714471,771,1709637600,574716330,/world,0.17743349327715857,-0.503472650564369,-0.007591345149852174,0.03231145148428766,-0.18910902650376699,1.187281614988539
1709637600.6016924,772,1709637600,605019331,/world,0.19651238116266545,-0.5003788161589614,-0.0033836684041692253,0.062139648991819785,-0.06751927790103582,1.2647477959642501
1709637600.6319685,773,1709637600,635322332,/world,0.2144527573548828,-0.4972729380011447,-0.009045277055395425,0.08152267786530479,-0.2146141497136242,1.2295559075161158
1709637600.6621795,774,1709637600,665625334,/world,0.23249207699953478,-0.48447479317049286,-0.006538638689586581,-0.037196501045752076,-0.2552965176257376,1.2363753039567513
1709637600.6924272,775,1709637600,695928335,/world,0.25371530759991556,-0.4773441196744246,-0.009816791928064233,0.0672427000347574,-0.15482856012167406,1.2210826699000656
1709637600.7227008,776,1709637600,726231337,/world,0.27717779066053916,-0.4646312472901174,-0.005307735509616275,0.08488908560539055,-0.27307720634180516,1.220239716018531
1709637600.7529206,777,1709637600,756534338,/world,0.2927333675121414,-0.44461979474027186,-0.008299241314426036,-0.13011283080780686,0.01512105842444278,1.047870175075849
1709637600.7831466,778,1709637600,786837339,/world,0.3015847169012334,-0.44422104756572767,-0.003997402087973479,0.4425013200646264,-0.6171159906508743,1.303974183050968
1709637600.8133748,779,1709637600,817140341,/world,0.3200298056947573,-0.4354641443542185,-0.0059842654968110835,0.004658709502681158,0.11841088887722617,1.231803888985752
1709637600.8436134,780,1709637600,847443342,/world,0.3384482357297381,-0.4228248972156111,-0.002932595713625392,0.0023699690591921846,0.08187240745105163,1.2423656607487228
1709637600.8738525,781,1709637600,877746344,/world,0.3490046989114437,-0.41057138672461196,-0.008120003641776296,0.013167532633692327,-0.1199424207067805,1.294090067864827
1709637600.9040875,782,1709637600,908049345,/world,0.3702352823483957,-0.3945237096953112,-0.005159844228552134,0.12639496464624536,-0.2416674923112229,1.2226107242014006
1709637600.9343536,783,1709637600,938352346,/world,0.37923098432720953,-0.3773877260534364,0.0006610235160332094,-0.03670254633063211,0.05929542677515867,1.261303892753888
1709637600.9646173,784,1709637600,968655348,/world,0.3925320537000123,-0.36197986836277046,-0.006059901688693525,-0.17958538238336508,0.027567969007563663,1.2047458239004494
1709637600.9948862,785,1709637600,998958349,/world,0.40579601139351346,-0.34378719022129833,-0.0021528658694834587,-0.019957455752083436,-0.018663293808690876,1.3041643768379783
1709637601.0251708,786,1709637601,29261351,/world,0.420656194439276,-0.3316162076863962,-0.0035651516638829893,-0.06937791853336436,-0.003751632576323962,1.1952925767867841
1709637601.0553827,787,1709637601,59564352,/world,0.4263084401790141,-0.3197997146409037,-0.006069292521759606,-0.03241486513058727,-0.022158199541411804,1.2550035667866672
1709637601.0856676,788,1709637601,89867353,/world,0.4508198496900807,-0.30522356388673755,-0.0019578629261633113,-0.007321290536576368,0.09043594989497354,1.237210689921504
1709637601.1159194,789,1709637601,120170355,/world,0.4539584364913969,-0.28449421118153895,0.004726566764701213,0.001923255157650407,0.01649826743095542,1.2537620121216373
1709637601.1461172,790,1709637601,150473356,/world,0.46427277712993825,-0.26730832661705417,-0.0007843197651401877,-0.0025215067948082554,0.029402493169617645,1.1891077783829953
1709637601.176388,791,1709637601,180776358,/world,0.468357066411644,-0.24928171209121525,-0.005337830396501468,-0.1894758208145176,0.07846984680955757,1.2672503669847532
1709637601.2066536,792,1709637601,211079359,/world,0.4802538908750123,-0.23022187699574484,0.0022835973391316777,0.08526092710508701,0.05517140565253928,1.2175541337071631
1709637601.236874,793,1709637601,241382360,/world,0.48237591864154483,-0.21962138102374967,-0.0003294417347767969,-0.24202968561283658,0.19728358505476318,1.2089327377251258
1709637601.267079,794,1709637601,271685362,/world,0.4977975747795654,-0.2019669680516322,0.0029131194805147136,-0.13900653595289358,0.08192040481298621,1.2865642260341814
1709637601.2973018,795,1709637601,301988363,/world,0.506531757003764,-0.17990584420130493,-0.004692252367199355,0.013869798677177608,-0.034736503966643906,1.2275416100420582
1709637601.3275714,796,1709637601,332292318,/world,0.5137451580017458,-0.16299257116940175,0.0019905359962396896,0.2057543157477928,0.07990719493810529,1.2444138598449939
1709637601.3578856,797,1709637601,362595320,/world,0.5121604822010519,-0.14049881963536395,-0.00020377482557108924,-0.06633266557515183,-0.046896137653300626,1.2577729381959704
1709637601.38814,798,1709637601,392898321,/world,0.523829992863252,-0.12449501906899313,-0.007792109523915488,0.21995710464829743,-0.19084487401997702,1.2180743235795959
1709637601.418369,799,1709637601,423201323,/world,0.5272706735096127,-0.10547337057283962,-0.007687381015939133,-0.0844472832138019,-0.022046798087322766,1.2043928150580245
1709637601.4486077,800,1709637601,453504324,/world,0.5333591073813154,-0.08703212142141069,-0.006044694236536407,0.012089333878333705,-0.06995066980936582,1.24716137049972
1709637601.4788187,801,1709637601,483807325,/world,0.5336504070840759,-0.06411570915640442,-0.001943380277946061,-0.1456726830893158,0.14688374821950237,1.2755252888373316
1709637601.5090632,802,1709637601,514110327,/world,0.5370447135741145,-0.050564427128035806,0.004342205645837424,-0.045035168927789554,0.026435524352444797,1.150212400344389
1709637601.5394444,803,1709637601,544413328,/world,0.5279699340051427,-0.03358619896531853,0.002078977998862892,-0.40761461872775495,0.16629826151098992,1.0897255549461076
1709637601.570006,804,1709637601,574716330,/world,0.5238463912075876,-0.007673826852798531,-0.010374276391042905,0.3864600995997025,-0.2601530767377525,1.1043207461834705
1709637601.6002328,805,1709637601,605019331,/world,0.5047099621072004,0.012800875324681847,0.002346849771919523,0.17087611724499965,-0.006173694533462448,1.1694697417758555
1709637601.630482,806,1709637601,635322332,/world,0.4778697180948495,0.01878082898685184,-0.004385576030158427,0.16006360659786656,-0.01969392527639833,1.1116398474372986
1709637601.660632,807,1709637601,665625334,/world,0.432958634791647,0.03598978372276796,-0.004831775376291625,0.04964124395952203,-0.07764062716785271,1.000415744442089
1709637601.6908464,808,1709637601,695928335,/world,0.3909905036178052,0.043001891051935484,0.016109327170923407,-0.7499084492524335,0.18319344091751805,0.9475196853783747
1709637601.7210855,809,1709637601,726231337,/world,0.36322297736015885,0.05024287295686402,-0.004969468640409213,-0.16776131626058266,-0.060032153047757886,0.7813477860010203
1709637601.7513309,810,1709637601,756534338,/world,0.322314255918938,0.0591113283551216,-0.012459838206506861,0.5993087502108063,-0.14861464943365926,0.7894733535784705
1709637601.7815769,811,1709637601,786837339,/world,0.28255314447026664,0.04513882478682278,0.02713712329477041,-1.1696865697402992,0.24767018163067417,0.7236514827647811
1709637601.811826,812,1709637601,817140341,/world,0.2505216696214164,0.0461561903486867,0.0087809368648557,-0.06925090724156613,0.18170927111468865,0.599843135369387
1709637601.842126,813,1709637601,847443342,/world,0.20968421743045965,0.04801775145161288,-0.004897964859390425,-0.14719441043600054,-0.10798158541032193,0.3694363040502068
1709637601.8723526,814,1709637601,877746344,/world,0.1780558120485693,0.03973164640856638,-0.003565006040535925,0.11317087105599685,0.023759212494874005,0.3063458613789305
1709637601.9025664,815,1709637601,908049345,/world,0.13248537959422407,0.030858369587311155,0.0049379380346980814,-0.014527053107533827,0.14079052181064577,0.25876559847111064
