-5.269701062548171056e-02,3.437702864704230699e-01,1.308804193783847714e+00
-1.586315725660602527e-01,2.287571131246144557e-02,3.387727361404533344e-01
-1.576488280410450193e-01,-3.106844598166343379e-03,1.954300431799850524e-02
2.337745147252051625e-02,-2.707168917683586921e-03,1.137997380155771066e-01
-4.925319976500475150e-03,3.282370663540042522e-03,1.233697134079622532e-01
-1.237495044984893156e-02,4.277442014753697619e-03,1.239281143040412841e-01
-2.679159077350434792e-02,4.183259001297997236e-03,1.197631106498222714e-01
2.001025094563591011e-02,3.392248765269591671e-03,9.886094669109866950e-02
1.436597926919314094e-02,2.589945297062619476e-03,7.897365482195564668e-02
-7.582592638026075527e-03,1.024832025761663462e-03,3.650646575571901697e-02
-3.958299380637719800e-02,-4.067001632990665627e-04,-6.694694693615327666e-03
-1.187328635496331941e-02,-2.627669313547725555e-03,-7.683420206835671340e-02
-2.748756727991552573e-02,-4.269119316621436573e-03,-1.325107760558983938e-01
-2.640527414177551435e-02,-5.612147604693270772e-03,-1.812562886829040820e-01
-4.576254607295604515e-02,-6.646148023594184058e-03,-2.210196004009746251e-01
-4.933365007742152031e-02,-6.617632379343247814e-03,-2.289464635897118794e-01
-4.200153045088472759e-02,-6.798558508891169340e-03,-2.429161142550998187e-01
-2.020070917614003037e-02,-5.863566797449744003e-03,-2.200574433024666265e-01
-1.387733896229392805e-02,-5.460859628628195704e-03,-2.101436464198462029e-01
-5.050131214109132571e-02,-3.506868538794449819e-03,-1.454913161964601631e-01
-2.731518132124555187e-02,-3.573325709149136574e-03,-1.441456272602892330e-01
-4.579890120411800325e-02,-1.685029451372471732e-03,-7.517369103031278088e-02
-3.943601590988121686e-02,-3.322447622058982957e-03,-1.268862719617794566e-01
-6.266418142677920855e-03,-2.539038389116049250e-03,-9.678012844895247935e-02
-4.529274516204440104e-02,-5.829136039779306104e-03,-2.247278297816701631e-01
-3.605698607928697896e-02,-5.847369501204428485e-03,-2.505303276168056037e-01
-1.947005249112754299e-02,-1.010499695720328515e-02,-4.512882917252847848e-01
-4.108831894832620790e-02,-9.601059447436697397e-03,-4.743456996491455246e-01
7.291163841832482007e-03,-1.143534462950630652e-02,-5.897432092746466292e-01
-1.192003945372022145e-02,-8.281566575462371085e-03,-5.054762458625952082e-01
-2.140353344807355285e-02,-6.573739737869625094e-03,-4.492108442641650212e-01
-2.776564212629351047e-02,-2.309769876969733089e-03,-2.296756619434341395e-01
-4.644659695044239811e-03,4.345037086110230436e-03,1.089647236134507757e-01
-9.174513165506326118e-03,8.868362636185766687e-03,3.930433641909856224e-01
-4.883273720963643427e-03,1.542222342628594457e-02,8.064312866350707987e-01
1.695909995116817726e-03,2.167361386755107394e-02,1.195185622209551157e+00
9.706767860499621037e-03,2.547659090241238128e-02,1.479798159968779059e+00
2.152432052525021788e-02,2.978085299370347716e-02,1.766964443896459347e+00
3.241260616222296775e-02,3.006314843081240445e-02,1.856021352455996976e+00
3.656541884641795193e-02,3.030665943243260677e-02,1.922530369341971079e+00
4.402507408749434248e-02,3.027276775987443325e-02,1.943288581244126734e+00
4.553270497489814161e-02,2.891878585453581604e-02,1.922664544338241077e+00
3.708754666249935994e-02,2.606275497157805460e-02,1.860896949470481454e+00
3.139932733451145097e-02,1.887898387876511472e-02,1.638190666690120034e+00
2.834879397744449747e-02,2.810565703506226042e-03,9.242176084955764370e-01
5.268399669010825903e-03,3.315073862936891843e-04,1.622252986192184721e-01
1.866088555708733665e-02,-1.315154045359859594e-02,-1.187050892720565187e+00
3.419655171449864639e-02,-2.970428181292638237e-03,-8.803715449225645306e-01
2.005557730591522869e-02,-1.398834039039505844e-05,-7.014279921211522550e-01
2.197962268316899781e-02,1.136161790716361253e-02,4.053329126804771088e-01
2.347891317523620458e-02,1.606712614653715843e-02,1.235136794128216531e+00
4.358751312369468778e-02,1.930914387309331029e-02,1.664874518857691221e+00
4.198687426559111202e-02,1.895911629967329468e-02,1.747938387991589515e+00
5.251905150126745525e-02,1.927946024494280736e-02,1.781776469999916346e+00
4.581621254481937910e-02,1.615385724435536990e-02,1.634781651341002284e+00
5.060790642690626839e-02,9.765512867834206037e-03,1.309388164896147178e+00
4.129331521896162371e-02,3.923039687202957426e-03,9.217805169563588752e-01
5.002108007031269565e-02,-3.065645790581346137e-04,3.549974886881052671e-01
4.842642849741496391e-02,-6.997100904675587936e-03,-4.359713322719078743e-01
6.163031178225208961e-02,-7.577457736023182622e-03,-7.486454780490796601e-01
6.286056431177211579e-02,-8.342619612417074421e-03,-1.012486896434793282e+00
6.644708699508905525e-02,-6.501659571871196142e-03,-1.007560183341470461e+00
6.883497790576420527e-02,-4.041938484593276225e-03,-8.680886911892532476e-01
6.835629052409109008e-02,-2.634280622167228456e-03,-6.226305708616454160e-01
6.861110866272390751e-02,1.403050571015203741e-03,-1.409203731812112004e-01
8.226136862400190708e-02,4.132493098233657423e-03,2.000066823909327218e-01
7.748871840821891510e-02,4.757928151357664927e-03,4.373607242659616756e-01
8.121223644954422838e-02,7.979574417652603169e-03,7.875084579108507787e-01
8.311520185642340408e-02,7.591221401363901743e-03,8.748044629942401951e-01
9.303728142468381535e-02,1.238887217091026727e-02,1.237213588337851000e+00
8.603401649375497229e-02,7.737235889086271912e-03,1.088998408018192476e+00
9.355134424631250667e-02,1.303522101239286413e-02,1.512396812159575221e+00
9.403653300003966820e-02,1.077156137735793204e-02,1.384234637556577052e+00
9.795273238851320841e-02,1.435276023215357327e-02,1.624015120836960424e+00
9.511447977148890232e-02,1.335257745861422908e-02,1.586656093246400445e+00
9.658391991805492793e-02,1.327724976730160905e-02,1.694746318410804475e+00
1.060203028251036628e-01,1.521532884275496496e-02,1.827437168391187861e+00
1.013585301033992359e-01,1.473971660801769168e-02,1.814136594692791427e+00
1.056779238822507239e-01,1.530141846994884786e-02,1.872359971156710268e+00
1.106095129736646143e-01,1.538009033712163694e-02,1.895540688735720680e+00
1.102074228342653228e-01,1.531163681803096761e-02,1.910849653732414000e+00
1.158814356553365954e-01,1.535201634884923033e-02,1.917851655163295588e+00
1.133602564065370188e-01,1.516779603688606787e-02,1.918481144015437012e+00
1.157370256250054297e-01,1.506643715385156193e-02,1.918433148108307673e+00
1.204568612370517933e-01,1.490231042391682720e-02,1.918213927559318188e+00
1.217208937579177253e-01,1.459835999054332097e-02,1.917752691517575991e+00
1.216704171483788954e-01,1.426626782118815308e-02,1.917268480194610936e+00
1.192644488748180187e-01,1.394208664910113679e-02,1.916810308666644147e+00
1.035776088826483310e-01,1.365720690118718030e-02,1.916318863143038786e+00
1.109007792539626891e-01,1.391256293241897174e-02,1.916940522961787075e+00
1.138416159605331046e-01,1.389885141770712783e-02,1.916583128254510271e+00
1.134981913225776573e-01,1.381570959562104448e-02,1.916639930635039901e+00
1.175619422541864800e-01,1.377147342920367022e-02,1.916627251114244590e+00
1.140421666730171424e-01,1.356247252473360976e-02,1.916131781026533920e+00
1.145008991586751179e-01,1.348251183225207539e-02,1.916114397707529227e+00
1.162799095619204692e-01,1.341482989853804222e-02,1.916092147616251573e+00
1.167565394369924903e-01,1.327864950339547462e-02,1.915823827115678446e+00
1.136145637826668775e-01,1.310979012784677100e-02,1.915460223769595904e+00
1.175223114465624441e-01,1.307474091793380151e-02,1.915622135160236050e+00
1.234827772067728091e-01,1.293103288881081170e-02,1.915343901340542443e+00
1.223740448787973278e-01,1.260474628334508178e-02,1.914875024826514061e+00
1.204369048139892762e-01,1.231980620118434261e-02,1.914477795206273480e+00
1.204421161119677564e-01,1.210426114794105681e-02,1.914173263234046463e+00
1.178317288138281960e-01,1.189040211766102806e-02,1.913881044468513259e+00
1.221143572859886284e-01,1.177389453426663790e-02,1.913700578759203630e+00
1.212389367045942912e-01,1.152809949487811243e-02,1.913357515305476930e+00
1.181044856077337890e-01,1.131092971050581819e-02,1.913063682059483295e+00
1.219365983315574553e-01,1.120651290537773292e-02,1.912903312636711872e+00
1.218683853341606671e-01,1.098792278802560723e-02,1.912597589500071082e+00
1.204338559642930129e-01,1.077605272999079128e-02,1.912306913570465339e+00
1.210964363137430055e-01,1.061744154462481403e-02,1.912083649413756969e+00
1.210647926793630980e-01,1.044411487747032991e-02,1.911842846505427129e+00
1.198219069054315966e-01,1.027521951749715140e-02,1.911612907723650334e+00
1.210178176745615453e-01,1.015341979586710346e-02,1.911440119844012298e+00
1.204340928838343316e-01,9.997910954077482426e-03,1.911227190944646770e+00
1.209720357055203976e-01,9.867257901893088795e-03,1.911045083071269302e+00
1.214718563913570470e-01,9.725942121640303306e-03,1.910848743344864431e+00
1.189265939822550244e-01,9.568583797583124842e-03,1.910641006365502825e+00
1.223595783772499779e-01,9.503222100327448144e-03,1.910539700603790303e+00
1.175571971751785405e-01,9.294434771937389733e-03,1.910322569705204643e+00
1.117410631059412296e-01,6.171717787979824794e-03,1.814452827879083463e+00
1.099924045078184420e-01,7.852614709407604657e-03,1.876447864903391771e+00
8.756954681569562027e-02,-7.053609706990837148e-03,1.053707515053642796e+00
7.638300870537051424e-02,-1.133086682372606846e-02,2.661967008205933793e-01
8.723412229534055484e-02,-1.309433445446981682e-02,-1.383861801596700358e+00
8.646328765377786496e-02,-6.129380938348694997e-03,-1.566065314774761852e+00
1.050781038255581556e-01,-8.227926866775791756e-03,-1.970091992700750083e+00
8.487821418574448273e-02,6.846254848642046795e-04,-1.591305826119564504e+00
1.194068088049400345e-01,-7.536409198559352110e-03,-1.934349163352492740e+00
9.041463582720643544e-02,-5.718783688823474674e-03,-1.705642207815639244e+00
1.112014096506364069e-01,-8.076052415520420386e-03,-1.970769451788013882e+00
1.151679237709775094e-01,-8.090751214876571590e-03,-1.970750793605750228e+00
1.172647843211440666e-01,-8.075896445390334799e-03,-1.970725834553899602e+00
1.108036346566909636e-01,-4.993167753450199545e-03,-1.873631831820120164e+00
1.240140469833947989e-01,-7.633522399264932971e-03,-1.952782812031268023e+00
9.644164762355744713e-02,-3.645276451913746253e-04,-1.466150617960568558e+00
1.121678220807975634e-01,-7.492917085194306451e-03,-1.962893423151037764e+00
9.448266521181336586e-02,4.679751606074529328e-04,-1.627553759078754991e+00
9.843450985126622754e-02,-4.423996785948305921e-03,-1.873976399484994282e+00
6.830861352477635151e-02,1.066805541034407043e-02,-1.349543200805062293e-01
7.669085782782492089e-02,1.106606176945606861e-02,1.488590813410224589e+00
7.574846270926371972e-02,8.114168025608490750e-03,1.456660409247535259e+00
7.502258857449106699e-02,6.883387684738246498e-04,1.629639970683576689e+00
9.232796734588921694e-02,6.689814934255119971e-03,1.905846217506439233e+00
6.224587028996664273e-02,-9.474547319888731653e-03,9.593972180061449695e-01
8.160764326235225852e-02,7.559691372916619787e-03,1.849436126213124476e+00
5.970912411160522737e-02,1.264658306397476069e-02,1.183859539551031403e+00
6.824814632878295484e-02,4.375259662507852663e-03,1.648181001682813562e+00
9.411227802435639944e-02,6.571434472143779064e-03,1.907334929023740688e+00
8.126389566292901989e-02,3.541126123189519692e-03,1.814130481190941557e+00
1.016455715597777143e-01,5.792520392215873282e-03,1.869477432727508104e+00
6.766104119410831785e-02,-8.543605491910407496e-03,1.057464608743404755e+00
1.092650145838001130e-01,5.899844221993505618e-03,1.869425981909398793e+00
7.958647744580593653e-02,4.411395290316519335e-03,1.648972935834664977e+00
9.822077467570577980e-02,6.514588478691371240e-03,1.907153010612497868e+00
1.057782483644924554e-01,6.633126267582096711e-03,1.907086936799630150e+00
1.018253414314926886e-01,6.520393460792060954e-03,1.907045269801538323e+00
1.055281412018151954e-01,6.582426566598233338e-03,1.907020401219522876e+00
1.093169124542847648e-01,6.650101939567571591e-03,1.907002728254082013e+00
1.133234523593076304e-01,6.721060031585859851e-03,1.906988728206185035e+00
1.156661308094473206e-01,6.766032499940228054e-03,1.906978745283304910e+00
1.149979757583334816e-01,6.148977110301807533e-03,1.886926445379853323e+00
1.114329415762336239e-01,3.904631032747753715e-03,1.813519436591454204e+00
1.023078621418842538e-01,-1.273036357664841280e-03,1.562547088283774421e+00
8.852847225635329664e-02,-1.407873257002482600e-02,3.101992422874961242e-01
9.387844031106951093e-02,-1.284972598761004517e-02,-1.242184027087916531e+00
1.001351307572027061e-01,-4.620847832633459551e-03,-1.706414289689309971e+00
1.183993300452201858e-01,-6.792136517807814688e-03,-1.969792174668117513e+00
1.103213333905910254e-01,-5.994911703763532163e-03,-1.948798001577611183e+00
1.184666315546434312e-01,-6.518933910068171189e-03,-1.959877492278073507e+00
1.020616522861317321e-01,-5.868498811938352260e-03,-1.918776493090000645e+00
1.145445573051575572e-01,-6.634381362087863991e-03,-1.969691024102486310e+00
1.176115043009509087e-01,-6.696141124865545927e-03,-1.969821989697736919e+00
1.188097374142031981e-01,-6.723548046798601650e-03,-1.969838245515590502e+00
1.203858029645687999e-01,-6.690247921899703139e-03,-1.969111339019679940e+00
1.159360327235945398e-01,-6.623140705951487822e-03,-1.969678057722375586e+00
1.173353782976627180e-01,-6.655164921051387808e-03,-1.969702341885389174e+00
1.221845420803919779e-01,-6.731916654239378933e-03,-1.969687224962998418e+00
1.143406301581926243e-01,-6.578276694238228625e-03,-1.969674539942680491e+00
1.179957637177722063e-01,-6.018578731092956262e-03,-1.948709509549600760e+00
1.184058879240383888e-01,-6.432193597442993627e-03,-1.960336981598058692e+00
1.001803956740863200e-01,1.513955066429542844e-03,-1.620625063623598150e+00
1.217563547818572012e-01,-5.838276689346368932e-03,-1.933523145168731805e+00
8.090281629330720037e-02,1.134116394220806810e-02,-7.108023941635979170e-01
1.106653042328691328e-01,-6.036774633619538741e-03,-1.958324260850516696e+00
8.805366849441531585e-02,-7.388431927204789501e-03,-1.509560757838147804e+00
1.055610365834649400e-01,-5.759612499648941036e-03,-1.913336610956328565e+00
1.058142685019576312e-01,-3.539896428216347205e-03,-1.873884048271021063e+00
1.258921958142913411e-01,-5.878659255241910561e-03,-1.932698912692696114e+00
8.788078158455148170e-02,8.692986817875104216e-03,-1.109563247357290727e+00
1.221109948282133040e-01,-5.768753793918951142e-03,-1.932603499128271674e+00
8.793887819407641970e-02,6.475974622638471824e-04,-1.473016093548964678e+00
1.145243679310352647e-01,-6.269874376573155404e-03,-1.960171271019479633e+00
9.844727067136327392e-02,-6.036461577068855285e-04,-1.709819557582707983e+00
1.016532112774015673e-01,-3.419328616664329534e-03,-1.873923608688984332e+00
8.622577587524071774e-02,-4.013618090980036919e-04,-1.517692767770996598e+00
7.108359899018079631e-02,1.440241955000313122e-02,4.348094488857079387e-01
7.273364004405813432e-02,1.439960985317922937e-02,-3.502031950217991962e-01
7.497664017341509890e-02,-1.390597059952966216e-02,-9.723799161314223838e-01
8.651930107092198341e-02,8.139825625529780589e-03,1.752798285894905161e+00
7.390080506161122997e-02,1.411974852460090926e-02,7.772827547580427598e-01
8.543596566409661364e-02,6.690049486358880249e-03,1.624884174959614569e+00
1.026405199163327175e-01,5.636718706003353632e-03,1.859974937007202955e+00
1.071605713696874851e-01,6.202732935910746336e-03,1.906472751603695670e+00
1.110209884826902638e-01,6.285981891383299151e-03,1.906475294657502317e+00
1.147500582522611445e-01,6.367314955079620212e-03,1.906478772622189011e+00
1.059621572813611579e-01,3.474922038383831784e-03,1.813491555316282922e+00
1.260877313030670521e-01,5.744914509277124215e-03,1.868701103391497531e+00
8.795351885031754691e-02,-8.669038259397642693e-03,1.055737443560812450e+00
1.018147636178179383e-01,3.367803886358143942e-03,1.813090588849883389e+00
7.665230425289504268e-02,-1.164603560524410386e-02,7.509128119485874997e-01
7.663941640639260200e-02,-1.164678796281890319e-02,7.509147507934956778e-01
7.666538309863968337e-02,-1.164722865364083496e-02,7.509161004884045143e-01
7.666511826419197817e-02,-1.164810185500098592e-02,7.509184444530094815e-01
7.664148580264473765e-02,-1.164899245497264153e-02,7.509206858120807127e-01
7.666473315245125875e-02,-1.164938685339596963e-02,7.509218936728090377e-01
7.665909185400821002e-02,-1.165018107355805972e-02,7.509239909212307440e-01
7.665908585526537422e-02,-1.165084774476228199e-02,7.509257815027335914e-01
7.665908111765151745e-02,-1.165148905469264723e-02,7.509275039211403824e-01
7.666393018854211761e-02,-1.165209467536190008e-02,7.509291614369724144e-01
7.665910646150209118e-02,-1.165277235684770117e-02,7.509309506567733994e-01
7.666355835707827637e-02,-1.165333063898480598e-02,7.509324784075833703e-01
7.665911428120519844e-02,-1.165395503005847537e-02,7.509341268363114441e-01
7.665911946047199166e-02,-1.165447896140380316e-02,7.509355338574046357e-01
7.666306551470514208e-02,-1.165497392626015441e-02,7.509368882284312985e-01
7.665912474307079449e-02,-1.165552748832273874e-02,7.509383495467464309e-01
7.665913316557126933e-02,-1.165599196156098458e-02,7.509395968266223687e-01
7.666263286916796815e-02,-1.165643081749551634e-02,7.509407975908222177e-01
7.665913923567346799e-02,-1.165692164423444421e-02,7.509420932125462356e-01
7.665914375436555517e-02,-1.165733349315283170e-02,7.509431990869344098e-01
7.665914047415878230e-02,-1.165772981494878069e-02,7.509442631997802486e-01
7.666214553401085041e-02,-1.165810405260978878e-02,7.509452872117057254e-01
7.665914988246180783e-02,-1.165852300434457381e-02,7.509463929333601850e-01
7.666190875021694495e-02,-1.165886788641390046e-02,7.509473365199245132e-01
7.665914268005868948e-02,-1.165925380692562491e-02,7.509483549850546336e-01
7.665917976188652005e-02,-1.165957721899603741e-02,7.509492235143083727e-01
7.666160337602789809e-02,-1.165988336257891937e-02,7.509500609115536962e-01
7.665917196041016624e-02,-1.166022544104365448e-02,7.509509637626220480e-01
7.665917272900069079e-02,-1.166051253914250109e-02,7.509517345301053304e-01
7.666133124087348705e-02,-1.166078373554928216e-02,7.509524763784267698e-01
7.665918259708837112e-02,-1.166108695246309383e-02,7.509532766699309470e-01
7.665917994858073570e-02,-1.166134155542840334e-02,7.509539601498207428e-01
7.666109691377531732e-02,-1.166158199230013515e-02,7.509546178527176652e-01
7.665918422059014858e-02,-1.166185089261298144e-02,7.509553274985035776e-01
7.665918859330744795e-02,-1.166207653996967006e-02,7.509559332688243716e-01
7.666088720080077579e-02,-1.166228974903484907e-02,7.509565164638700718e-01
7.665919086284844752e-02,-1.166252817687362352e-02,7.509571456673895806e-01
7.665919097891382705e-02,-1.166272825486628847e-02,7.509576827536753596e-01
7.666070304112793110e-02,-1.166291722505006373e-02,7.509581996742724641e-01
7.665919307631030577e-02,-1.166312867553052392e-02,7.509587576334765258e-01
7.665919869172466150e-02,-1.166330600610306426e-02,7.509592336789526756e-01
7.666053649898119104e-02,-1.166347359233380759e-02,7.509596920724630476e-01
7.665920059863351455e-02,-1.166366105316377771e-02,7.509601867343361770e-01
7.665918982151342931e-02,-1.166381834918648469e-02,7.509606088858680195e-01
7.666039852549966227e-02,-1.166396667802983671e-02,7.509610147530911828e-01
7.665920584730923082e-02,-1.166413304716269056e-02,7.509614537039143167e-01
7.665920649501023476e-02,-1.166427249904701535e-02,7.509618280223002706e-01
7.666025713783408690e-02,-1.166440422602749681e-02,7.509621883095251027e-01
7.665920811046911254e-02,-1.166455155694112733e-02,7.509625770674440703e-01
7.665920237906842516e-02,-1.166467518926418701e-02,7.509629088760950699e-01
7.665921064221947745e-02,-1.166479401561048602e-02,7.509632278724410748e-01
7.666011463860167297e-02,-1.166490637237689587e-02,7.509635352229490080e-01
7.665921216778937008e-02,-1.166503219213761364e-02,7.509638671699889745e-01
7.666004061402631464e-02,-1.166513571692619038e-02,7.509641503290007680e-01
7.665921164122568854e-02,-1.166525156289697530e-02,7.509644559716756040e-01
7.665922088274612634e-02,-1.166534867122872958e-02,7.509647166736892476e-01
7.665921560255561928e-02,-1.166544226948965091e-02,7.509649678606450385e-01
7.665992270633337213e-02,-1.166553057953087676e-02,7.509652094027162716e-01
7.665921905605221909e-02,-1.166562939894487567e-02,7.509654701407362243e-01
7.665987468603985278e-02,-1.166571078513882129e-02,7.509656927684210670e-01
7.665921728285063352e-02,-1.166580194605677454e-02,7.509659332443172630e-01
7.665921872813052929e-02,-1.166587828787913478e-02,7.509661381531174129e-01
7.665979128903455120e-02,-1.166595042553609379e-02,7.509663354249855871e-01
7.665922680085346386e-02,-1.166603103671939694e-02,7.509665481765895878e-01
7.665922328522878360e-02,-1.166609884580867632e-02,7.509667301501353753e-01
7.665972782140961783e-02,-1.166616284707876552e-02,7.509669051480063473e-01
7.665922649627354701e-02,-1.166623430779475598e-02,7.509670937416923486e-01
7.665922658610879736e-02,-1.166629439633091667e-02,7.509672550151975656e-01
7.665967667203332780e-02,-1.166635115898344635e-02,7.509674102359232828e-01
7.665922594636676024e-02,-1.166641459679061688e-02,7.509675776183768470e-01
7.665922378256162517e-02,-1.166646784615912175e-02,7.509677205205085304e-01
7.665962685834593060e-02,-1.166651809958484109e-02,7.509678579697004475e-01
7.665923040123612253e-02,-1.166657433622083836e-02,7.509680063703263464e-01
7.665922507959921361e-02,-1.166662160251417599e-02,7.509681331933819592e-01
7.665958544534801078e-02,-1.166666614470219035e-02,7.509682550405930579e-01
7.665922884178533181e-02,-1.166671605579451022e-02,7.509683867178046368e-01
7.665922893387966397e-02,-1.166675791239102367e-02,7.509684990557268236e-01
7.665954182318923671e-02,-1.166679745419763395e-02,7.509686071786528805e-01
7.665923098611537867e-02,-1.166684162750727081e-02,7.509687237480001665e-01
7.665922946665038040e-02,-1.166687875842931446e-02,7.509688233919933342e-01
7.665950901623785896e-02,-1.166691380360437846e-02,7.509689192331433505e-01
7.665923305676125565e-02,-1.166695299342518366e-02,7.509690226497400811e-01
7.665923044848366175e-02,-1.166698593500200241e-02,7.509691110427648697e-01
7.665947844162124269e-02,-1.166701700441600750e-02,7.509691960116419152e-01
7.665923224586901341e-02,-1.166705175459913611e-02,7.509692877026260538e-01
7.665923152861164880e-02,-1.166708093475533198e-02,7.509693660123478720e-01
7.665945169370580459e-02,-1.166710848290676561e-02,7.509694413527020496e-01
7.665923302142241269e-02,-1.166713930036066861e-02,7.509695226643703370e-01
7.665923050865863786e-02,-1.166716517666865904e-02,7.509695920954080339e-01
7.665923276640151940e-02,-1.166719002309766703e-02,7.509696587928356148e-01
7.665942200270015050e-02,-1.166721352533866066e-02,7.509697230768520582e-01
7.665923190078283156e-02,-1.166723984929139007e-02,7.509697925109347638e-01
7.665940717301511498e-02,-1.166726148178563217e-02,7.509698516875986662e-01
7.665923361718052220e-02,-1.166728572704135540e-02,7.509699156484072047e-01
7.665923287121012564e-02,-1.166730605580327748e-02,7.509699702018026723e-01
7.665938794009008461e-02,-1.166732523941158874e-02,7.509700226769604470e-01
7.665923439332322786e-02,-1.166734673291151825e-02,7.509700793802477348e-01
7.665923423783649326e-02,-1.166736475861966833e-02,7.509701277563618493e-01
7.665923335383384440e-02,-1.166738210018460238e-02,7.509701742916921052e-01
7.665936657650851416e-02,-1.166739845839753417e-02,7.509702190444019765e-01
7.665923325254864196e-02,-1.166741680902384434e-02,7.509702674418812229e-01
7.665935665872858351e-02,-1.166743187247578847e-02,7.509703086569772257e-01
7.665923509258121271e-02,-1.166744878041370975e-02,7.509703532576272877e-01
7.665923676606878345e-02,-1.166746294276795048e-02,7.509703912768364020e-01
7.665934104331206811e-02,-1.166747635397557409e-02,7.509704279354296741e-01
7.665923503079907775e-02,-1.166749130553995650e-02,7.509704673848729417e-01
7.665923605578139899e-02,-1.166750385596697012e-02,7.509705010738301212e-01
7.665933023852034012e-02,-1.166751572869130504e-02,7.509705335389563752e-01
7.665923584982348160e-02,-1.166752899859518217e-02,7.509705685493883731e-01
7.665923591987100494e-02,-1.166754013420217943e-02,7.509705984351480179e-01
7.665931973984330128e-02,-1.166755065340691240e-02,7.509706272015143069e-01
7.665923624018855520e-02,-1.166756241667750091e-02,7.509706582379950257e-01
7.665923627595550016e-02,-1.166757229101315733e-02,7.509706847385437811e-01
7.665931079642662738e-02,-1.166758161785461795e-02,7.509707102454612482e-01
7.665923638510818705e-02,-1.166759205210640693e-02,7.509707377731821287e-01
7.665923646616956688e-02,-1.166760080475050601e-02,7.509707612636402629e-01
7.665923700108034922e-02,-1.166760922565499015e-02,7.509707838666805912e-01
7.665929974136975744e-02,-1.166761719025871842e-02,7.509708056424098110e-01
7.665923674748453820e-02,-1.166762608376639351e-02,7.509708291080332554e-01
7.665929525929238153e-02,-1.166763341518751475e-02,7.509708491574358380e-01
7.665923647964634213e-02,-1.166764161663597608e-02,7.509708707926442406e-01
7.665923737119939574e-02,-1.166764848935412588e-02,7.509708892429787230e-01
7.665928873985317082e-02,-1.166765499714367618e-02,7.509709070363203010e-01
7.665923707693211853e-02,-1.166766226617785632e-02,7.509709262145973785e-01
7.665923712045552563e-02,-1.166766836678500077e-02,7.509709425873487554e-01
7.665928312026837332e-02,-1.166767412960128224e-02,7.509709583470667305e-01
7.665923717609191002e-02,-1.166768057581364128e-02,7.509709753536089050e-01
7.665923749285674660e-02,-1.166768598297748469e-02,7.509709898670681172e-01
7.665927786455828397e-02,-1.166769109648407160e-02,7.509710038482479977e-01
7.665923742060654078e-02,-1.166769680794003776e-02,7.509710189180097695e-01
7.665923717999900688e-02,-1.166770160454674854e-02,7.509710317893212306e-01
7.665927379887849114e-02,-1.166770612976389745e-02,7.509710441677066584e-01
7.665923728202006515e-02,-1.166771120123961773e-02,7.509710575449989323e-01
7.665923778846917003e-02,-1.166771544824908927e-02,7.509710689460978861e-01
7.665926958337498931e-02,-1.166771946886100905e-02,7.509710799394371250e-01
7.665923764165105680e-02,-1.166772396084859303e-02,7.509710917907476135e-01
7.665923761883908227e-02,-1.166772773063137932e-02,7.509711019077086602e-01
7.665926610783735384e-02,-1.166773129067266886e-02,7.509711116438770873e-01
7.665923773274219144e-02,-1.166773527411823011e-02,7.509711221531676362e-01
7.665923758316184333e-02,-1.166773861656614404e-02,7.509711311224596120e-01
7.665926296933056605e-02,-1.166774177051813424e-02,7.509711397489700069e-01
7.665923780594718906e-02,-1.166774530217331608e-02,7.509711490662822619e-01
7.665923781116168456e-02,-1.166774826509716680e-02,7.509711570180173101e-01
7.665923792901763179e-02,-1.166775111548417482e-02,7.509711646684510411e-01
7.665925942397677773e-02,-1.166775380972419340e-02,7.509711720363591025e-01
7.665923797018647790e-02,-1.166775682321680684e-02,7.509711799867486715e-01
7.665925765929770819e-02,-1.166775930584740967e-02,7.509711867752180137e-01
7.665923803235497047e-02,-1.166776208029337777e-02,7.509711940957358722e-01
7.665923801416463235e-02,-1.166776441044015816e-02,7.509712003491105792e-01
7.665925552973051893e-02,-1.166776661109114946e-02,7.509712063669377047e-01
7.665923805276220193e-02,-1.166776907168209053e-02,7.509712128588817981e-01
7.665923800032992119e-02,-1.166777113710444971e-02,7.509712184015862046e-01
7.665923806404473240e-02,-1.166777312315274429e-02,7.509712237320135264e-01
7.665925306674381545e-02,-1.166777500002526106e-02,7.509712288648546785e-01
7.665923811271868615e-02,-1.166777709981483939e-02,7.509712344046159949e-01
7.665925184974931028e-02,-1.166777882957217849e-02,7.509712391345551019e-01
7.665923822840881030e-02,-1.166778076284936093e-02,7.509712442359526285e-01
7.665923812598007814e-02,-1.166778238769173442e-02,7.509712485959372241e-01
7.665925042592336425e-02,-1.166778392048355151e-02,7.509712527880942901e-01
7.665923818647701893e-02,-1.166778563621163022e-02,7.509712573144737835e-01
7.665923809988095528e-02,-1.166778707559523384e-02,7.509712611768372126e-01
7.665924907347543282e-02,-1.166778843332564805e-02,7.509712648907047594e-01
7.665923821869924382e-02,-1.166778995448517278e-02,7.509712689037574274e-01
7.665923831105203590e-02,-1.166779123018691668e-02,7.509712723279849955e-01
7.665924782726829534e-02,-1.166779243693103624e-02,7.509712756273377865e-01
7.665923827499954157e-02,-1.166779378461156938e-02,7.509712791831382184e-01
7.665923821007147865e-02,-1.166779491628530674e-02,7.509712822198285620e-01
7.665923832297760754e-02,-1.166779600366158257e-02,7.509712851387726484e-01
7.665924649929545254e-02,-1.166779703269945484e-02,7.509712879526514451e-01
7.665923824832843181e-02,-1.166779818322702389e-02,7.509712909876571363e-01
7.665924586248884509e-02,-1.166779912981135391e-02,7.509712935766625908e-01
7.665923833622123595e-02,-1.166780018960933592e-02,7.509712963728030211e-01
7.665923833567456214e-02,-1.166780107917432530e-02,7.509712987601498968e-01
7.665924504171828247e-02,-1.166780191936822413e-02,7.509713010578318304e-01
7.665923833339416404e-02,-1.166780285921217852e-02,7.509713035372721501e-01
7.665923830840615238e-02,-1.166780364756204134e-02,7.509713056528286579e-01
7.665924433180615338e-02,-1.166780439154753782e-02,7.509713076879536153e-01
7.665923837583177303e-02,-1.166780522528228226e-02,7.509713098874304382e-01
7.665923827577225680e-02,-1.166780592472143815e-02,7.509713117638951996e-01
7.665924371551113836e-02,-1.166780658323086223e-02,7.509713135658976357e-01
7.665923837202548441e-02,-1.166780732321805181e-02,7.509713155176931387e-01
7.665923839628341341e-02,-1.166780794275801281e-02,7.509713171805243448e-01
7.665924306010651890e-02,-1.166780852835450945e-02,7.509713187818924940e-01
7.665923839698418618e-02,-1.166780918320069887e-02,7.509713205095380761e-01
7.665923840718047444e-02,-1.166780973261703075e-02,7.509713219840865595e-01
7.665924255756095818e-02,-1.166781025170263685e-02,7.509713234036782259e-01
7.665923842637267782e-02,-1.166781083244839215e-02,7.509713249358559439e-01
7.665923837404964303e-02,-1.166781131991118971e-02,7.509713262437385239e-01
7.665924211216790241e-02,-1.166781177927310280e-02,7.509713275004150645e-01
7.665923843780175773e-02,-1.166781229437157015e-02,7.509713288593308222e-01
7.665923842576871650e-02,-1.166781272647600745e-02,7.509713300189039265e-01
7.665924169163140789e-02,-1.166781313437556186e-02,7.509713311344533571e-01
7.665923840871302630e-02,-1.166781359089060638e-02,7.509713323386473238e-01
7.665923845827693484e-02,-1.166781397325336589e-02,7.509713333651208966e-01
7.665924131472801051e-02,-1.166781433531598536e-02,7.509713343550412645e-01
7.665923848493783055e-02,-1.166781473960181413e-02,7.509713354219604842e-01
7.665923841840882602e-02,-1.166781507981608582e-02,7.509713363345771331e-01
7.665924102783883143e-02,-1.166781539989822543e-02,7.509713372102559958e-01
7.665923846001154729e-02,-1.166781575891657867e-02,7.509713381573628332e-01
7.665923846339461889e-02,-1.166781605994344877e-02,7.509713389652579174e-01
7.665923846120303864e-02,-1.166781634961912978e-02,7.509713397426540649e-01
7.665924063296181146e-02,-1.166781662321082942e-02,7.509713404907696344e-01
7.665923848339817326e-02,-1.166781692896421557e-02,7.509713412975991265e-01
7.665924047983674328e-02,-1.166781718132787332e-02,7.509713419876248297e-01
7.665923847183986339e-02,-1.166781746329884420e-02,7.509713427315328760e-01
7.665923848258637818e-02,-1.166781769985611797e-02,7.509713433664564342e-01
7.665924025754344839e-02,-1.166781792349204545e-02,7.509713439779701627e-01
7.665923847659783519e-02,-1.166781817346842533e-02,7.509713446374635115e-01
7.665923848619948799e-02,-1.166781838317024547e-02,7.509713452003069500e-01
7.665924005151270038e-02,-1.166781858143792552e-02,7.509713457424006533e-01
7.665923850037614784e-02,-1.166781880284989414e-02,7.509713463267025935e-01
7.665923848683231512e-02,-1.166781898909533509e-02,7.509713468264478387e-01
7.665923849167555204e-02,-1.166781916803310767e-02,7.509713473066985667e-01
7.665923982924471858e-02,-1.166781933715186313e-02,7.509713477691096761e-01
7.665923849321032435e-02,-1.166781952608368818e-02,7.509713482676180218e-01
7.665923851177280923e-02,-1.166781968472253676e-02,7.509713486934795901e-01
7.665923968793952881e-02,-1.166781983492533835e-02,7.509713491040945765e-01
7.665923848572386845e-02,-1.166782000255767518e-02,7.509713495462955191e-01
7.665923959674580956e-02,-1.166782014047077452e-02,7.509713499235122214e-01
7.665923849966693737e-02,-1.166782029490875255e-02,7.509713503309745075e-01
7.665923850775646642e-02,-1.166782042451509904e-02,7.509713506788538995e-01
7.665923850291145314e-02,-1.166782054935792783e-02,7.509713510138670278e-01
7.665923850868594513e-02,-1.166782066936960724e-02,7.509713513359822512e-01
7.665923940577012985e-02,-1.166782078283944320e-02,7.509713516462336313e-01
7.665923936662055738e-02,-1.166782090759864443e-02,7.509713519808030036e-01
7.665923850089617630e-02,-1.166782102896832436e-02,7.509713523009967640e-01
7.665923850974820652e-02,-1.166782113075613692e-02,7.509713525742237605e-01
7.665923927867535070e-02,-1.166782122704502003e-02,7.509713528375476788e-01
7.665923850500089287e-02,-1.166782133477231066e-02,7.509713531217167004e-01
7.665923851797451505e-02,-1.166782142501594094e-02,7.509713533639887917e-01
7.665923918603700926e-02,-1.166782151050470631e-02,7.509713535976839660e-01
7.665923850703437736e-02,-1.166782160587788095e-02,7.509713538493025808e-01
7.665923851707878711e-02,-1.166782168587858839e-02,7.509713540640666762e-01
7.665923851741807127e-02,-1.166782176301846274e-02,7.509713542710911849e-01
7.665923908724181501e-02,-1.166782183591099503e-02,7.509713544703539023e-01
7.665923851930500632e-02,-1.166782191720924095e-02,7.509713546849088317e-01
7.665923904365534725e-02,-1.166782198438915188e-02,7.509713548685501561e-01
7.665923851691180957e-02,-1.166782205930962969e-02,7.509713550662517889e-01
7.665923851947020751e-02,-1.166782212228153863e-02,7.509713552352675903e-01
7.665923898669868564e-02,-1.166782218182081839e-02,7.509713553980386092e-01
7.665923852087841439e-02,-1.166782224826139365e-02,7.509713555733716905e-01
7.665923851844169690e-02,-1.166782230413929491e-02,7.509713557233171910e-01
7.665923893547921253e-02,-1.166782235688423527e-02,7.509713558675337186e-01
7.665923852213607503e-02,-1.166782241579855488e-02,7.509713560230034668e-01
7.665923851984990378e-02,-1.166782246534198500e-02,7.509713561559498984e-01
7.665923889061998509e-02,-1.166782251210309040e-02,7.509713562838118417e-01
7.665923816877073804e-02,-1.166782256518004122e-02,7.509713564216454751e-01
7.665923886249004227e-02,-1.166782260215456710e-02,7.509713565253054446e-01
7.665923884960301748e-02,-1.166782264974395439e-02,7.509713566529401252e-01
7.665923851973310832e-02,-1.166782269607489521e-02,7.509713567751726826e-01
7.665923852368239366e-02,-1.166782273493993660e-02,7.509713568795010064e-01
7.665923851996581107e-02,-1.166782277240816304e-02,7.509713569800318123e-01
7.665923880551428482e-02,-1.166782280772584064e-02,7.509713570766385349e-01
7.665923852423883744e-02,-1.166782284729389954e-02,7.509713571810315846e-01
7.665923852318723419e-02,-1.166782288050382047e-02,7.509713572701515183e-01
7.665923877320057755e-02,-1.166782291185355404e-02,7.509713573558821631e-01
7.665923852370326586e-02,-1.166782294691602606e-02,7.509713574483867227e-01
7.665923875251801078e-02,-1.166782297580457560e-02,7.509713575273770925e-01
7.665923852747180689e-02,-1.166782300807590704e-02,7.509713576125469636e-01
7.665923852340350564e-02,-1.166782303524441927e-02,7.509713576854339934e-01
7.665923852328271337e-02,-1.166782306131269181e-02,7.509713577553933650e-01
7.665923872374946768e-02,-1.166782308592315132e-02,7.509713578227212860e-01
7.665923852510392322e-02,-1.166782311352728731e-02,7.509713578955345969e-01
7.665923870521451633e-02,-1.166782313623248094e-02,7.509713579576193787e-01
7.665923852694911389e-02,-1.166782316160432965e-02,7.509713580245718223e-01
7.665923852555067697e-02,-1.166782318293708119e-02,7.509713580818142553e-01
7.665923868560975407e-02,-1.166782320306370205e-02,7.509713581368508972e-01
7.665923852774936265e-02,-1.166782322556072712e-02,7.509713581962182971e-01
7.665923852595746268e-02,-1.166782324448117740e-02,7.509713582469842441e-01
7.665923852533662597e-02,-1.166782326265465228e-02,7.509713582957528999e-01
7.665923866564527955e-02,-1.166782327980126106e-02,7.509713583426658179e-01
7.665923852711253872e-02,-1.166782329904494757e-02,7.509713583934254366e-01
7.665923852643352632e-02,-1.166782331516682050e-02,7.509713584366880523e-01
7.665923864812640431e-02,-1.166782333038198123e-02,7.509713584782986562e-01
7.665923852807532413e-02,-1.166782334740273930e-02,7.509713585232109523e-01
7.665923863963364226e-02,-1.166782336144368479e-02,7.509713585616054621e-01
7.665923852665379457e-02,-1.166782337714315776e-02,7.509713586030170029e-01
7.665923852879874545e-02,-1.166782339029013259e-02,7.509713586383135464e-01
7.665923852750244905e-02,-1.166782340297863561e-02,7.509713586723575363e-01
7.665923862333867689e-02,-1.166782341494026695e-02,7.509713587050713679e-01
7.665923852828537832e-02,-1.166782342832582871e-02,7.509713587403876733e-01
7.665923852930989213e-02,-1.166782343955898027e-02,7.509713587705408866e-01
7.665923861177370568e-02,-1.166782345019166944e-02,7.509713587996026396e-01
7.665923852919798165e-02,-1.166782346203853842e-02,7.509713588308689625e-01
7.665923852832756680e-02,-1.166782347201138909e-02,7.509713588576277798e-01
7.665923860357581887e-02,-1.166782348141562169e-02,7.509713588833465403e-01
7.665923852886180612e-02,-1.166782349193765111e-02,7.509713589111080001e-01
7.665923859789414152e-02,-1.166782350060878437e-02,7.509713589348196994e-01
7.665923852900879965e-02,-1.166782351030447827e-02,7.509713589604002371e-01
7.665923852891820545e-02,-1.166782351844247029e-02,7.509713589822399893e-01
7.665923859042544919e-02,-1.166782352612693967e-02,7.509713590032558450e-01
7.665923852900258240e-02,-1.166782353472596567e-02,7.509713590259409211e-01
7.665923852894263035e-02,-1.166782354193773678e-02,7.509713590452948839e-01
7.665923858386491929e-02,-1.166782354874696358e-02,7.509713590639198744e-01
7.665923852904921176e-02,-1.166782355637479771e-02,7.509713590840407793e-01
7.665923852970513153e-02,-1.166782356276469153e-02,7.509713591011935030e-01
7.665923857760814641e-02,-1.166782356881196012e-02,7.509713591177288317e-01
7.665923852945377703e-02,-1.166782357556986512e-02,7.509713591355575701e-01
7.665923852965761398e-02,-1.166782358123897440e-02,7.509713591507731767e-01
7.665923857230172445e-02,-1.166782358659723337e-02,7.509713591654257892e-01
7.665923852974154684e-02,-1.166782359258837672e-02,7.509713591812322564e-01
7.665923852963940632e-02,-1.166782359761718221e-02,7.509713591947277944e-01
7.665923856740208819e-02,-1.166782360236551588e-02,7.509713592077120747e-01
7.665923853003109301e-02,-1.166782360767340196e-02,7.509713592217180933e-01
7.665923852980993658e-02,-1.166782361213477767e-02,7.509713592336898502e-01
7.665923856344747378e-02,-1.166782361634477981e-02,7.509713592452033071e-01
7.665923852998801635e-02,-1.166782362105436323e-02,7.509713592576290342e-01
7.665923852996892052e-02,-1.166782362500722384e-02,7.509713592682369931e-01
7.665923855969447587e-02,-1.166782362874060203e-02,7.509713592784463820e-01
7.665923852984590781e-02,-1.166782363291560265e-02,7.509713592894602385e-01
7.665923853028155932e-02,-1.166782363641553216e-02,7.509713592988557229e-01
7.665923855650502716e-02,-1.166782363972913503e-02,7.509713593079161420e-01
7.665923853011946676e-02,-1.166782364343168371e-02,7.509713593176839952e-01
7.665923853012790445e-02,-1.166782364653791426e-02,7.509713593260204378e-01
7.665923855351852723e-02,-1.166782364947200300e-02,7.509713593340440196e-01
7.665923853022338363e-02,-1.166782365275327929e-02,7.509713593427015388e-01
7.665923853032907687e-02,-1.166782365550737659e-02,7.509713593500934037e-01
7.665923853003997479e-02,-1.166782365815953286e-02,7.509713593572090451e-01
7.665923853030021107e-02,-1.166782366070552232e-02,7.509713593640436891e-01
7.665923854955680738e-02,-1.166782366311458832e-02,7.509713593706318635e-01
7.665923854881784294e-02,-1.166782366576675500e-02,7.509713593777450624e-01
7.665923853029044110e-02,-1.166782366834877120e-02,7.509713593845559476e-01
7.665923853046718861e-02,-1.166782367051233046e-02,7.509713593903635243e-01
7.665923854662803905e-02,-1.166782367255924345e-02,7.509713593959600475e-01
7.665923853045608638e-02,-1.166782367484546501e-02,7.509713594019924443e-01
7.665923853043610237e-02,-1.166782367676561828e-02,7.509713594071453224e-01
7.665923854492229239e-02,-1.166782367857883973e-02,7.509713594121041336e-01
7.665923853040101932e-02,-1.166782368060747047e-02,7.509713594174558526e-01
7.665923853044365188e-02,-1.166782368230815346e-02,7.509713594220200905e-01
7.665923854340972454e-02,-1.166782368391485608e-02,7.509713594264145753e-01
7.665923853051426207e-02,-1.166782368571475659e-02,7.509713594311628881e-01
7.665923853052625248e-02,-1.166782368722354968e-02,7.509713594352119825e-01
7.665923854191447617e-02,-1.166782368864877073e-02,7.509713594391097535e-01
7.665923853048539627e-02,-1.166782369024338753e-02,7.509713594433162775e-01
7.665923853062528437e-02,-1.166782369157970574e-02,7.509713594469032971e-01
7.665923854057465903e-02,-1.166782369284459844e-02,7.509713594503617529e-01
7.665923853067591054e-02,-1.166782369425650376e-02,7.509713594540875503e-01
7.665923853058798088e-02,-1.166782369544403473e-02,7.509713594572740014e-01
7.665923853955991518e-02,-1.166782369656411966e-02,7.509713594603374398e-01
7.665923853056622050e-02,-1.166782369781770023e-02,7.509713594636440170e-01
7.665923853061418214e-02,-1.166782369886824357e-02,7.509713594664638725e-01
7.665923853859091253e-02,-1.166782369986117326e-02,7.509713594691795890e-01
7.665923853061729076e-02,-1.166782370097288815e-02,7.509713594721119101e-01
7.665923853070255589e-02,-1.166782370190445201e-02,7.509713594746125764e-01
7.665923853066480831e-02,-1.166782370280225120e-02,7.509713594770222045e-01
7.665923853744605054e-02,-1.166782370364956647e-02,7.509713594793393510e-01
7.665923853068479232e-02,-1.166782370459766745e-02,7.509713594818402393e-01
7.665923853692779844e-02,-1.166782370537844046e-02,7.509713594839756423e-01
7.665923853069589455e-02,-1.166782370625201425e-02,7.509713594862805763e-01
7.665923853068967730e-02,-1.166782370698481175e-02,7.509713594882471144e-01
7.665923853623768380e-02,-1.166782370767675131e-02,7.509713594901389344e-01
7.665923853073364214e-02,-1.166782370845117177e-02,7.509713594921822999e-01
7.665923853071943128e-02,-1.166782370910113970e-02,7.509713594939266823e-01
7.665923853563150203e-02,-1.166782370971477037e-02,7.509713594956051175e-01
7.665923853073364214e-02,-1.166782371040142249e-02,7.509713594974165574e-01
7.665923853073941530e-02,-1.166782371097737844e-02,7.509713594989620988e-01
7.665923853508571639e-02,-1.166782371152146752e-02,7.509713595004500197e-01
7.665923853076073158e-02,-1.166782371213010913e-02,7.509713595020557353e-01
7.665923853075717886e-02,-1.166782371264095571e-02,7.509713595034269717e-01
7.665923853074074756e-02,-1.166782371313241327e-02,7.509713595047458057e-01
7.665923853452705217e-02,-1.166782371359613261e-02,7.509713595060144575e-01
7.665923853076161976e-02,-1.166782371411644904e-02,7.509713595073866932e-01
7.665923853417133671e-02,-1.166782371454403930e-02,7.509713595085562021e-01
7.665923853077227790e-02,-1.166782371502222450e-02,7.509713595098174155e-01
7.665923853077494243e-02,-1.166782371542357880e-02,7.509713595108949979e-01
7.665923853380274267e-02,-1.166782371580268353e-02,7.509713595119316132e-01
7.665923853077982741e-02,-1.166782371622678352e-02,7.509713595130507180e-01
7.665923853079625871e-02,-1.166782371658253541e-02,7.509713595140053988e-01
7.665923853078515648e-02,-1.166782371692508084e-02,7.509713595149245524e-01
7.665923853341549687e-02,-1.166782371724832401e-02,7.509713595158087340e-01
7.665923853079803507e-02,-1.166782371761086387e-02,7.509713595167649691e-01
7.665923853318057368e-02,-1.166782371790886334e-02,7.509713595175798728e-01
7.665923853080691686e-02,-1.166782371824228934e-02,7.509713595184595025e-01
7.665923853080736095e-02,-1.166782371852203432e-02,7.509713595192104574e-01
7.665923853291589651e-02,-1.166782371878627780e-02,7.509713595199328795e-01
7.665923853081446637e-02,-1.166782371908184693e-02,7.509713595207125891e-01
7.665923853081757500e-02,-1.166782371932985514e-02,7.509713595213783899e-01
7.665923853268674648e-02,-1.166782371956418853e-02,7.509713595220190996e-01
7.665923853082379225e-02,-1.166782371982626187e-02,7.509713595227107685e-01
7.665923853082556860e-02,-1.166782372004621614e-02,7.509713595233009631e-01
7.665923853084732897e-02,-1.166782372025779863e-02,7.509713595238687311e-01
7.665923853241762842e-02,-1.166782372045806551e-02,7.509713595244166262e-01
7.665923853082334816e-02,-1.166782372068158637e-02,7.509713595250063767e-01
7.665923853229195117e-02,-1.166782372086567869e-02,7.509713595255096408e-01
7.665923853084066764e-02,-1.166782372107153312e-02,7.509713595260528729e-01
7.665923853083711492e-02,-1.166782372124452148e-02,7.509713595265168351e-01
7.665923853213429950e-02,-1.166782372140784917e-02,7.509713595269633668e-01
7.665923853084288808e-02,-1.166782372159041840e-02,7.509713595274453146e-01
7.665923853083578265e-02,-1.166782372174376275e-02,7.509713595278565412e-01
7.665923853199574367e-02,-1.166782372188848553e-02,7.509713595282524468e-01
7.665923853085043760e-02,-1.166782372205042370e-02,7.509713595286795496e-01
7.665923853084066764e-02,-1.166782372218644857e-02,7.509713595290445909e-01
7.665923853083889128e-02,-1.166782372231714784e-02,7.509713595293953103e-01
7.665923853184430925e-02,-1.166782372244054740e-02,7.509713595297329292e-01
7.665923853085132578e-02,-1.166782372257890721e-02,7.509713595300979705e-01
7.665923853083933537e-02,-1.166782372269489949e-02,7.509713595304093881e-01
7.665923853172085245e-02,-1.166782372280427207e-02,7.509713595307085932e-01
7.665923853085621076e-02,-1.166782372292672273e-02,7.509713595310320011e-01
7.665923853084954942e-02,-1.166782372302960571e-02,7.509713595313081136e-01
7.665923853163247870e-02,-1.166782372312666002e-02,7.509713595315731238e-01
7.665923853085354622e-02,-1.166782372323533698e-02,7.509713595318600055e-01
7.665923853086598072e-02,-1.166782372332642904e-02,7.509713595321046986e-01
7.665923853154854584e-02,-1.166782372341270552e-02,7.509713595323402879e-01
7.665923853084644080e-02,-1.166782372350911451e-02,7.509713595325948621e-01
7.665923853149747558e-02,-1.166782372358824219e-02,7.509713595328113556e-01
7.665923853085621076e-02,-1.166782372367708952e-02,7.509713595330453906e-01
7.665923853085088169e-02,-1.166782372375151436e-02,7.509713595332453417e-01
7.665923853141753952e-02,-1.166782372382170127e-02,7.509713595334374103e-01
7.665923853085310213e-02,-1.166782372390035363e-02,7.509713595336445779e-01
7.665923853086153983e-02,-1.166782372396622629e-02,7.509713595338214365e-01
7.665923853085709894e-02,-1.166782372402976400e-02,7.509713595339921888e-01
7.665923853133227439e-02,-1.166782372408971431e-02,7.509713595341559467e-01
7.665923853087663886e-02,-1.166782372415666943e-02,7.509713595343324721e-01
7.665923853085887529e-02,-1.166782372421321622e-02,7.509713595344844617e-01
7.665923853086242801e-02,-1.166782372426733785e-02,7.509713595346294568e-01
7.665923853125988785e-02,-1.166782372431850352e-02,7.509713595347695669e-01
7.665923853086864526e-02,-1.166782372437556378e-02,7.509713595349197801e-01
7.665923853122968978e-02,-1.166782372442280377e-02,7.509713595350492321e-01
7.665923853086065165e-02,-1.166782372447538671e-02,7.509713595351877879e-01
7.665923853122080800e-02,-1.166782372451876867e-02,7.509713595353064708e-01
7.665923853086864526e-02,-1.166782372456753349e-02,7.509713595354350346e-01
7.665923853086020756e-02,-1.166782372460837582e-02,7.509713595355449467e-01
7.665923853086376027e-02,-1.166782372464753199e-02,7.509713595356497517e-01
7.665923853117684317e-02,-1.166782372468454058e-02,7.509713595357510041e-01
7.665923853086287210e-02,-1.166782372472623466e-02,7.509713595358612492e-01
7.665923853113731923e-02,-1.166782372476034106e-02,7.509713595359540639e-01
7.665923853086820117e-02,-1.166782372479851539e-02,7.509713595360549832e-01
7.665923853087575068e-02,-1.166782372483055746e-02,7.509713595361409144e-01
7.665923853110623298e-02,-1.166782372486096370e-02,7.509713595362241811e-01
7.665923853086642481e-02,-1.166782372489477693e-02,7.509713595363132210e-01
7.665923853087086570e-02,-1.166782372492316394e-02,7.509713595363893823e-01
7.665923853086331619e-02,-1.166782372495053441e-02,7.509713595364629901e-01
7.665923853106759722e-02,-1.166782372497630199e-02,7.509713595365333783e-01
7.665923853088063566e-02,-1.166782372500506718e-02,7.509713595366093175e-01
7.665923853087042161e-02,-1.166782372502951290e-02,7.509713595366749317e-01
7.665923853105338637e-02,-1.166782372505240084e-02,7.509713595367373262e-01
7.665923853086153983e-02,-1.166782372507807475e-02,7.509713595368052719e-01
7.665923853104450458e-02,-1.166782372509900419e-02,7.509713595368625594e-01
7.665923853088152384e-02,-1.166782372512270051e-02,7.509713595369247319e-01
7.665923853088241202e-02,-1.166782372514267759e-02,7.509713595369785777e-01
7.665923853086908935e-02,-1.166782372516191220e-02,7.509713595370304251e-01
7.665923853101253016e-02,-1.166782372517986138e-02,7.509713595370792749e-01
7.665923853086775708e-02,-1.166782372519997030e-02,7.509713595371321215e-01
7.665923853099876339e-02,-1.166782372521649874e-02,7.509713595371774186e-01
7.665923853086642481e-02,-1.166782372523495273e-02,7.509713595372261574e-01
7.665923853086109574e-02,-1.166782372525046810e-02,7.509713595372679018e-01
7.665923853089573470e-02,-1.166782372526524274e-02,7.509713595373074257e-01
7.665923853097922347e-02,-1.166782372527979186e-02,7.509713595373473938e-01
7.665923853088552065e-02,-1.166782372529554489e-02,7.509713595373888051e-01
7.665923853086642481e-02,-1.166782372530903236e-02,7.509713595374249984e-01
7.665923853096101581e-02,-1.166782372532149809e-02,7.509713595374590822e-01
7.665923853087175388e-02,-1.166782372533533250e-02,7.509713595374954975e-01
7.665923853097167395e-02,-1.166782372534688403e-02,7.509713595375270279e-01
7.665923853086242801e-02,-1.166782372535993609e-02,7.509713595375616668e-01
7.665923853088019158e-02,-1.166782372537059596e-02,7.509713595375900885e-01
7.665923853094414042e-02,-1.166782372538096094e-02,7.509713595376186213e-01
7.665923853087264206e-02,-1.166782372539228521e-02,7.509713595376483752e-01
7.665923853089529061e-02,-1.166782372540187129e-02,7.509713595376741324e-01
7.665923853094769314e-02,-1.166782372541131166e-02,7.509713595377000006e-01
7.665923853087619477e-02,-1.166782372542148755e-02,7.509713595377268680e-01
7.665923853088818518e-02,-1.166782372543003626e-02,7.509713595377496276e-01
7.665923853092637685e-02,-1.166782372543834732e-02,7.509713595377724982e-01
7.665923853086908935e-02,-1.166782372544714758e-02,7.509713595377955908e-01
7.665923853087042161e-02,-1.166782372545461730e-02,7.509713595378156858e-01
7.665923853093170592e-02,-1.166782372546170191e-02,7.509713595378351148e-01
7.665923853085443440e-02,-1.166782372546974061e-02,7.509713595378564310e-01
7.665923853087086570e-02,-1.166782372547613134e-02,7.509713595378734174e-01
7.665923853094058771e-02,-1.166782372548239369e-02,7.509713595378906259e-01
7.665923853088019158e-02,-1.166782372548973851e-02,7.509713595379100548e-01
7.665923853084954942e-02,-1.166782372549581351e-02,7.509713595379263751e-01
7.665923853090772511e-02,-1.166782372550103156e-02,7.509713595379405859e-01
7.665923853087530659e-02,-1.166782372550713952e-02,7.509713595379567952e-01
7.665923853089129381e-02,-1.166782372551242349e-02,7.509713595379708950e-01
7.665923853089484652e-02,-1.166782372551776817e-02,7.509713595379851059e-01
7.665923853089173789e-02,-1.166782372552289775e-02,7.509713595379994278e-01
7.665923853085976347e-02,-1.166782372552792324e-02,7.509713595380125284e-01
7.665923853090594875e-02,-1.166782372553211433e-02,7.509713595380238527e-01
7.665923853087530659e-02,-1.166782372553700278e-02,7.509713595380367313e-01
7.665923853089262607e-02,-1.166782372554116265e-02,7.509713595380479445e-01
7.665923853093925544e-02,-1.166782372554534680e-02,7.509713595380596018e-01
7.665923853087042161e-02,-1.166782372555024393e-02,7.509713595380725915e-01
7.665923853087130979e-02,-1.166782372555385736e-02,7.509713595380820284e-01
7.665923853091261009e-02,-1.166782372555723833e-02,7.509713595380913542e-01
7.665923853087264206e-02,-1.166782372556128197e-02,7.509713595381019013e-01
7.665923853088063566e-02,-1.166782372556446346e-02,7.509713595381104501e-01
7.665923853091527462e-02,-1.166782372556760851e-02,7.509713595381189988e-01
7.665923853089839923e-02,-1.166782372557127051e-02,7.509713595381288798e-01
7.665923853090639284e-02,-1.166782372557445546e-02,7.509713595381373175e-01
7.665923853088774109e-02,-1.166782372557764041e-02,7.509713595381460882e-01
7.665923853085887529e-02,-1.166782372558052873e-02,7.509713595381535267e-01
